finding_count_total,finding_count_bug,finding_count_security,finding_count_code_smell,finding_count_high_severity,finding_count_medium_severity,finding_count_low_severity,bandit_finding_count,semgrep_finding_count,cyclomatic_complexity_max,cyclomatic_complexity_avg,maintainability_index,nesting_depth_max,sloc,function_length_max,function_length_avg,dangerous_sink_count,hardcoded_secret_count,import_risk_flag,has_test_file,label
2,0,1,1,1,0,1,2,0,5.0,4.77,19.94,4,97,27,22.0,1,0,1,0,high
3,0,3,0,1,2,0,1,2,8.0,4.25,43.62,6,46,67,67.0,1,0,0,0,critical
1,0,0,1,0,0,1,1,0,5.0,3.67,32.01,3,45,0,0.0,0,0,1,0,low
2,0,1,1,0,0,2,0,2,2.0,1.35,55.57,3,8,19,9.666666666666666,0,0,0,0,low
1,0,1,0,0,0,1,1,0,5.0,4.39,72.07,1,19,22,17.0,0,0,0,0,low
4,1,2,1,1,1,2,1,3,9.0,7.01,48.43,3,46,48,47.5,1,0,0,0,critical
2,0,2,0,2,0,0,1,1,13.0,6.67,10.87,4,40,20,20.0,0,0,0,0,high
3,0,3,0,0,1,2,0,3,8.0,4.24,55.12,3,17,35,21.333333333333332,0,0,0,0,medium
2,0,2,0,0,0,2,0,2,5.0,4.87,37.45,0,9,0,0.0,0,0,0,0,low
4,0,4,0,2,0,2,1,3,19.0,14.94,41.98,7,78,46,40.5,1,0,0,0,critical
4,0,3,1,2,1,1,2,2,15.0,8.48,73.93,5,64,56,50.666666666666664,1,0,1,0,critical
5,1,4,0,3,2,0,3,2,17.0,16.66,17.44,5,84,59,59.0,1,0,0,0,critical
1,0,0,1,0,0,1,1,0,3.0,2.62,42.08,2,16,24,19.0,0,0,0,0,low
3,1,1,1,0,2,1,0,3,3.0,1.75,50.92,4,68,36,23.5,0,0,0,0,medium
2,0,1,1,0,0,2,1,1,6.0,4.07,32.68,3,45,27,21.5,0,0,0,0,low
4,2,2,0,2,2,0,3,1,11.0,9.7,38.21,3,86,38,38.0,0,0,0,0,high
4,0,2,2,0,2,2,2,2,8.0,5.59,82.09,1,36,20,20.0,0,0,0,0,medium
1,0,1,0,0,0,1,0,1,2.0,1.24,36.01,3,50,6,6.0,0,0,0,0,low
1,0,1,0,0,1,0,0,1,5.0,4.58,43.25,1,16,36,30.333333333333332,0,0,0,0,medium
2,0,2,0,2,0,0,2,0,10.0,6.45,33.95,2,69,50,32.666666666666664,1,0,1,0,high
4,2,0,2,0,2,2,2,2,10.0,9.03,81.99,2,49,37,37.0,0,0,0,0,medium
4,0,4,0,3,1,0,3,1,15.0,10.74,68.98,7,126,34,34.0,2,0,0,0,critical
3,2,1,0,0,2,1,2,1,4.0,3.09,40.69,1,77,27,27.0,0,0,1,0,medium
3,0,3,0,2,1,0,1,2,11.0,7.92,29.07,3,48,37,35.0,2,0,0,0,critical
1,0,1,0,0,0,1,0,1,3.0,2.33,80.64,1,6,30,19.666666666666668,0,0,0,0,low
6,0,5,1,3,2,1,2,4,10.0,8.91,37.08,4,38,50,43.0,1,0,0,0,critical
5,0,4,1,1,2,2,4,1,17.0,13.65,82.28,6,57,69,47.333333333333336,1,0,1,0,critical
0,0,0,0,0,0,0,0,0,5.0,4.01,56.13,3,48,24,24.0,0,0,0,0,low
2,0,1,1,0,0,2,2,0,4.0,2.25,63.41,3,5,0,0.0,0,0,0,0,low
5,1,4,0,2,2,1,5,0,14.0,12.02,79.94,3,63,45,38.25,1,0,1,0,high
3,1,1,1,0,1,2,1,2,7.0,6.92,41.42,1,63,21,20.0,0,0,1,0,medium
1,1,0,0,0,1,0,1,0,4.0,2.79,72.16,1,57,16,14.0,0,0,0,0,medium
1,0,1,0,0,0,1,0,1,2.0,1.53,12.44,1,30,12,12.0,0,0,1,0,low
5,0,5,0,2,2,1,2,3,14.0,9.69,55.54,6,150,66,66.0,0,0,0,0,critical
2,0,1,1,1,0,1,0,2,12.0,6.36,58.18,4,21,24,24.0,0,3,0,0,high
4,0,4,0,0,2,2,3,1,3.0,1.74,28.97,1,54,28,28.0,0,0,0,0,medium
3,0,1,2,1,0,2,1,2,5.0,4.16,23.27,3,88,60,42.0,0,1,0,0,high
3,0,3,0,1,0,2,1,2,13.0,10.67,66.48,2,67,50,31.0,0,1,0,0,high
2,0,2,0,1,0,1,1,1,14.0,7.23,64.47,4,47,52,39.666666666666664,0,0,0,0,high
2,0,2,0,0,0,2,2,0,4.0,3.5,25.59,1,48,15,15.0,0,0,0,0,low
1,0,1,0,1,0,0,0,1,13.0,8.14,33.36,3,92,46,46.0,1,0,0,0,high
0,0,0,0,0,0,0,0,0,4.0,3.49,21.92,0,44,0,0.0,0,0,0,0,low
4,0,3,1,1,2,1,3,1,13.0,8.47,70.86,2,21,52,38.333333333333336,0,0,0,0,high
3,1,2,0,1,1,1,2,1,19.0,17.03,49.96,3,131,61,46.666666666666664,0,0,0,0,critical
6,1,4,1,2,2,2,2,4,13.0,9.74,48.6,7,149,68,43.333333333333336,0,0,0,0,critical
3,1,1,1,1,1,1,3,0,18.0,15.62,20.5,5,118,76,52.25,0,0,0,0,critical
2,1,1,0,1,1,0,1,1,9.0,4.95,13.6,5,97,58,50.0,0,0,1,0,critical
1,0,1,0,0,0,1,0,1,1.0,0.63,28.93,3,42,22,22.0,0,0,0,0,low
4,1,3,0,1,1,2,2,2,18.0,16.02,67.57,7,82,75,75.0,0,0,0,0,critical
2,0,2,0,0,1,1,1,1,7.0,6.02,35.65,4,25,29,21.333333333333332,0,0,0,0,medium
4,3,1,0,0,3,1,2,2,8.0,6.73,63.18,1,40,32,31.0,0,0,1,0,medium
6,1,3,2,2,2,2,3,3,19.0,9.52,62.65,5,118,66,48.5,1,0,0,0,critical
2,1,1,0,0,2,0,1,1,7.0,3.67,67.02,1,20,49,29.0,0,0,1,0,medium
2,0,1,1,0,0,2,1,1,5.0,4.63,24.51,0,17,29,29.0,0,0,0,0,low
3,0,3,0,1,1,1,3,0,13.0,12.16,21.57,5,50,68,59.25,1,0,0,0,critical
1,0,1,0,1,0,0,1,0,13.0,12.56,28.42,5,35,49,33.0,1,0,0,0,high
1,0,1,0,0,0,1,1,0,6.0,5.81,78.62,1,40,9,8.0,0,0,0,0,low
3,0,3,0,2,0,1,2,1,20.0,10.84,57.68,4,101,56,50.0,0,0,1,0,critical
4,1,1,2,1,1,2,0,4,11.0,6.82,21.15,3,73,57,40.0,0,1,0,0,high
4,1,3,0,2,2,0,3,1,9.0,8.21,58.44,5,60,53,43.0,1,0,1,0,high
2,0,2,0,1,0,1,1,1,7.0,5.95,16.24,5,23,35,32.0,0,0,0,0,high
2,1,1,0,0,1,1,2,0,6.0,5.88,14.88,1,54,22,15.666666666666666,0,0,1,0,medium
2,0,1,1,0,0,2,0,2,2.0,1.99,53.61,3,49,26,16.5,0,0,0,0,low
4,1,3,0,1,2,1,2,2,7.0,6.93,40.22,2,80,18,18.0,1,0,1,0,high
3,0,2,1,1,0,2,2,1,11.0,9.77,24.9,3,85,58,43.5,0,2,0,0,high
2,1,1,0,1,1,0,0,2,8.0,4.12,19.08,2,89,16,16.0,0,3,0,0,high
4,0,3,1,3,0,1,0,4,16.0,10.65,78.71,3,98,63,59.5,0,0,0,0,critical
2,0,2,0,1,1,0,1,1,15.0,10.82,71.13,6,47,80,75.0,1,0,0,0,critical
5,1,3,1,2,2,1,3,2,15.0,13.24,46.98,4,146,27,27.0,0,0,1,0,critical
1,0,1,0,0,1,0,0,1,6.0,4.1,79.59,1,76,16,15.5,0,0,0,0,medium
4,0,4,0,1,2,1,2,2,13.0,6.86,21.88,2,41,41,41.0,1,0,1,0,high
6,1,4,1,2,2,2,3,3,15.0,8.18,58.47,7,89,67,67.0,1,0,0,0,critical
0,0,0,0,0,0,0,0,0,4.0,3.97,30.73,1,7,0,0.0,0,0,0,0,low
5,1,2,2,2,1,2,2,3,10.0,5.71,73.34,3,75,51,51.0,0,1,0,0,high
3,1,2,0,1,2,0,1,2,18.0,14.47,14.93,6,43,77,41.5,1,0,0,0,critical
2,0,0,2,0,0,2,2,0,2.0,1.25,25.99,1,50,25,17.0,0,0,0,0,low
5,0,3,2,2,1,2,4,1,14.0,7.4,57.37,3,127,77,66.5,1,0,0,0,critical
3,2,1,0,0,3,0,3,0,5.0,4.52,15.23,3,33,38,27.0,0,0,0,0,medium
2,0,1,1,0,1,1,1,1,3.0,2.61,49.06,1,37,34,34.0,0,0,0,0,medium
1,0,1,0,0,0,1,1,0,4.0,3.15,16.77,2,19,0,0.0,0,0,0,0,low
5,0,4,1,2,1,2,1,4,8.0,7.61,46.64,2,29,25,25.0,0,1,0,0,high
1,0,0,1,0,0,1,1,0,6.0,5.61,30.18,0,49,0,0.0,0,0,0,0,low
2,0,0,2,0,0,2,1,1,2.0,1.12,59.95,1,9,23,20.5,0,0,0,0,low
0,0,0,0,0,0,0,0,0,1.0,0.73,32.52,3,22,21,19.0,0,0,0,0,low
3,0,3,0,1,1,1,1,2,9.0,5.15,82.23,5,56,60,53.0,1,0,1,0,high
3,0,3,0,2,1,0,3,0,10.0,8.25,44.03,2,38,59,51.0,0,3,0,0,high
3,3,0,0,0,3,0,2,1,5.0,2.92,26.01,1,48,36,36.0,0,0,0,0,medium
5,1,4,0,0,3,2,2,3,8.0,6.67,71.64,1,26,34,23.0,0,0,0,0,medium
4,2,1,1,1,2,1,1,3,9.0,6.76,56.94,3,53,58,46.666666666666664,1,0,1,0,high
2,1,1,0,1,1,0,2,0,6.0,3.91,51.49,4,74,55,55.0,1,0,1,0,high
2,0,2,0,0,0,2,1,1,3.0,2.87,51.92,0,34,0,0.0,0,0,0,0,low
5,1,2,2,0,3,2,3,2,10.0,5.61,29.11,3,38,29,19.5,0,0,1,0,medium
2,0,2,0,0,2,0,0,2,5.0,3.45,35.94,2,19,22,22.0,0,0,0,0,medium
1,0,1,0,0,0,1,0,1,1.0,0.82,51.94,1,28,24,18.0,0,0,0,0,low
5,0,4,1,1,2,2,2,3,7.0,6.14,15.03,3,34,55,54.0,1,0,1,0,high
6,2,4,0,3,2,1,2,4,9.0,7.83,19.45,7,34,66,58.666666666666664,0,0,1,0,critical
2,0,2,0,2,0,0,1,1,5.0,3.23,71.58,5,64,56,42.5,1,0,1,0,high
2,0,2,0,1,1,0,1,1,6.0,5.61,34.38,3,63,56,31.5,1,0,1,0,high
6,1,4,1,2,2,2,3,3,11.0,8.62,11.81,5,100,28,28.0,1,0,1,0,high
5,0,4,1,2,1,2,4,1,9.0,7.14,62.37,5,92,31,31.0,1,0,0,0,high
1,0,1,0,0,0,1,0,1,1.0,0.71,49.82,0,14,0,0.0,0,0,0,0,low
6,1,4,1,2,2,2,2,4,18.0,16.68,18.0,5,84,74,47.25,1,0,0,0,critical
7,2,5,0,3,2,2,4,3,16.0,9.95,31.37,4,63,76,58.666666666666664,2,0,0,0,critical
4,1,2,1,0,2,2,2,2,8.0,7.76,38.34,4,69,29,24.5,0,0,0,0,medium
2,0,1,1,1,0,1,0,2,8.0,5.95,44.98,2,38,43,37.0,1,0,1,0,high
2,0,1,1,1,0,1,1,1,15.0,11.12,32.16,7,128,42,31.5,0,0,0,0,critical
0,0,0,0,0,0,0,0,0,6.0,3.97,72.81,1,15,0,0.0,0,0,0,0,low
4,0,3,1,2,1,1,2,2,12.0,9.89,20.8,4,141,24,22.0,2,0,0,0,critical
4,1,3,0,0,3,1,2,2,10.0,8.8,76.06,4,37,47,47.0,0,0,0,0,medium
3,1,0,2,0,1,2,3,0,7.0,3.67,57.13,4,36,45,40.5,0,0,1,0,medium
1,0,0,1,0,0,1,0,1,6.0,5.73,60.15,1,35,30,17.5,0,0,0,0,low
1,0,1,0,0,0,1,0,1,6.0,5.03,17.46,3,35,5,5.0,0,0,0,0,low
4,0,3,1,1,1,2,2,2,10.0,8.86,12.2,4,77,76,56.333333333333336,1,0,0,0,critical
3,0,2,1,2,0,1,2,1,8.0,4.67,67.34,5,87,69,68.5,0,0,0,0,critical
3,1,2,0,0,3,0,2,1,4.0,2.2,62.61,3,32,32,27.5,0,0,0,0,medium
3,2,1,0,0,2,1,1,2,3.0,2.87,61.65,3,32,44,24.333333333333332,0,0,0,0,medium
2,0,1,1,0,0,2,0,2,2.0,1.75,84.41,2,49,11,11.0,0,0,1,0,low
3,0,3,0,2,0,1,1,2,7.0,5.22,64.71,3,78,51,39.0,1,0,0,0,high
6,0,4,2,2,2,2,4,2,11.0,7.82,14.89,2,80,59,50.333333333333336,0,0,0,0,high
3,0,2,1,0,1,2,1,2,10.0,7.77,39.07,2,31,47,33.0,0,0,0,0,medium
1,0,0,1,0,0,1,0,1,2.0,1.1,32.2,3,42,0,0.0,0,0,0,0,low
4,1,3,0,2,2,0,1,3,17.0,11.31,74.56,5,63,78,58.75,1,0,0,0,critical
2,0,1,1,0,0,2,1,1,3.0,2.66,78.24,2,25,0,0.0,0,0,0,0,low
1,0,1,0,1,0,0,1,0,10.0,9.42,29.9,2,70,26,21.5,1,0,1,0,high
5,2,2,1,2,2,1,1,4,10.0,7.13,11.91,4,86,38,38.0,1,0,1,0,high
0,0,0,0,0,0,0,0,0,1.0,0.93,59.95,1,8,21,21.0,0,0,0,0,low
2,1,1,0,0,2,0,1,1,5.0,4.6,69.51,3,37,41,41.0,0,0,1,0,medium
5,2,3,0,2,2,1,3,2,11.0,8.68,62.19,3,48,46,30.666666666666668,0,0,0,0,high
4,1,1,2,0,2,2,2,2,8.0,5.37,13.42,4,67,46,37.0,0,0,0,0,medium
2,1,1,0,0,1,1,0,2,9.0,8.55,16.09,3,38,43,42.0,0,0,0,0,medium
5,1,3,1,0,3,2,1,4,3.0,1.68,17.26,3,80,37,28.666666666666668,0,0,0,0,medium
1,0,1,0,1,0,0,0,1,5.0,4.13,65.12,4,31,45,38.5,1,0,0,0,high
3,0,3,0,2,0,1,0,3,12.0,7.71,82.99,4,88,65,59.5,0,0,0,0,critical
2,0,0,2,0,0,2,1,1,4.0,2.78,34.22,2,10,20,20.0,0,0,0,0,low
1,0,1,0,0,0,1,1,0,1.0,0.58,33.04,0,6,15,13.5,0,0,0,0,low
2,0,2,0,0,1,1,2,0,8.0,4.99,12.2,2,54,27,21.0,0,0,0,0,medium
2,1,1,0,1,1,0,1,1,7.0,4.62,21.1,5,94,23,23.0,0,1,0,0,high
0,0,0,0,0,0,0,0,0,1.0,0.84,72.61,1,26,21,18.0,0,0,0,0,low
0,0,0,0,0,0,0,0,0,4.0,3.35,10.95,2,11,22,21.0,0,0,0,0,low
2,1,1,0,0,2,0,0,2,4.0,3.3,74.56,3,61,25,20.0,0,0,0,0,medium
0,0,0,0,0,0,0,0,0,3.0,2.21,74.81,0,39,14,11.5,0,0,0,0,low
5,0,4,1,2,1,2,4,1,9.0,5.16,75.71,3,74,56,42.666666666666664,0,0,0,0,high
2,1,1,0,1,1,0,1,1,12.0,6.16,57.91,7,56,49,49.0,0,0,0,0,critical
3,1,2,0,0,3,0,1,2,6.0,3.96,60.08,2,66,40,33.5,0,0,0,0,medium
0,0,0,0,0,0,0,0,0,1.0,0.76,81.67,3,47,0,0.0,0,0,1,0,low
3,0,3,0,0,2,1,0,3,7.0,3.66,62.03,2,34,36,23.333333333333332,0,0,0,0,medium
4,1,3,0,0,3,1,3,1,9.0,5.11,20.55,1,67,41,28.0,0,0,0,0,medium
2,1,1,0,0,2,0,2,0,5.0,4.26,44.4,1,26,49,37.0,0,0,1,0,medium
1,0,0,1,0,0,1,1,0,1.0,0.98,23.6,2,38,16,11.0,0,0,0,0,low
1,1,0,0,0,1,0,1,0,9.0,7.39,18.92,3,30,25,25.0,0,0,0,0,medium
3,1,2,0,1,2,0,3,0,16.0,12.61,60.59,7,125,69,55.5,1,0,0,0,critical
6,2,4,0,2,2,2,2,4,6.0,5.28,71.91,3,69,52,44.5,0,2,0,0,high
6,1,4,1,2,2,2,6,0,9.0,5.78,14.87,4,95,54,54.0,0,0,0,0,high
4,1,3,0,0,3,1,4,0,7.0,3.97,74.29,4,33,37,30.0,0,0,0,0,medium
5,0,5,0,2,2,1,5,0,8.0,4.95,60.17,5,140,52,52.0,1,0,1,0,critical
2,1,1,0,0,1,1,1,1,10.0,5.39,61.77,4,41,38,28.0,0,0,0,0,medium
2,1,1,0,0,1,1,0,2,5.0,3.41,34.3,2,17,26,16.666666666666668,0,0,0,0,medium
2,0,2,0,1,0,1,1,1,5.0,4.01,10.03,3,46,20,20.0,0,2,0,0,high
3,0,3,0,2,0,1,3,0,8.0,5.47,53.66,5,88,36,32.0,2,0,0,0,critical
0,0,0,0,0,0,0,0,0,6.0,5.03,66.69,0,43,20,20.0,0,0,1,0,low
6,1,4,1,2,2,2,4,2,19.0,15.89,19.24,3,73,79,58.5,1,0,0,0,critical
2,0,1,1,0,1,1,1,1,6.0,5.72,14.26,2,63,15,15.0,0,0,0,0,medium
2,1,0,1,0,1,1,0,2,10.0,7.32,84.93,4,69,23,23.0,0,0,0,0,medium
2,1,1,0,0,2,0,1,1,9.0,5.67,75.55,3,32,33,22.0,0,0,0,0,medium
4,2,0,2,0,2,2,1,3,5.0,3.86,58.77,3,30,50,42.666666666666664,0,0,0,0,medium
5,0,4,1,0,3,2,1,4,9.0,8.73,31.5,2,40,27,25.0,0,0,1,0,medium
2,0,1,1,0,0,2,1,1,3.0,2.53,64.5,0,45,0,0.0,0,0,1,0,low
2,0,1,1,0,0,2,1,1,4.0,3.01,54.54,0,50,13,13.0,0,0,0,0,low
1,0,0,1,0,0,1,1,0,6.0,5.77,80.73,1,30,29,21.0,0,0,0,0,low
0,0,0,0,0,0,0,0,0,1.0,0.84,13.82,0,7,0,0.0,0,0,0,0,low
3,2,1,0,0,3,0,3,0,5.0,2.85,71.82,2,47,44,32.0,0,0,0,0,medium
2,1,1,0,0,2,0,1,1,8.0,4.77,59.22,4,72,30,20.0,0,0,0,0,medium
4,1,3,0,1,1,2,1,3,13.0,8.28,71.56,4,48,27,27.0,0,0,0,0,high
6,1,4,1,3,2,1,5,1,10.0,5.25,41.27,3,139,78,48.0,2,0,0,0,critical
2,1,1,0,1,1,0,0,2,9.0,7.28,72.4,3,81,80,60.333333333333336,1,0,1,0,critical
0,0,0,0,0,0,0,0,0,2.0,1.24,80.9,0,20,0,0.0,0,0,0,0,low
4,0,4,0,3,0,1,1,3,18.0,13.39,33.76,7,49,28,28.0,2,0,0,0,critical
2,1,1,0,0,1,1,2,0,5.0,2.96,78.21,4,43,25,17.5,0,0,0,0,medium
3,1,2,0,0,3,0,2,1,7.0,4.42,81.6,4,16,40,34.5,0,0,0,0,medium
1,0,0,1,0,0,1,0,1,5.0,3.08,67.5,3,32,17,12.5,0,0,0,0,low
6,1,3,2,3,1,2,2,4,16.0,14.29,55.5,3,136,47,39.333333333333336,1,0,0,0,critical
0,0,0,0,0,0,0,0,0,5.0,2.56,43.18,2,5,28,24.333333333333332,0,0,0,0,low
5,1,4,0,3,2,0,2,3,11.0,10.96,12.19,3,51,47,47.0,1,0,0,0,critical
5,1,3,1,0,3,2,2,3,10.0,6.93,41.26,3,58,20,17.666666666666668,0,0,0,0,medium
3,2,1,0,0,3,0,2,1,6.0,4.68,38.83,4,39,50,30.0,0,0,0,0,medium
4,1,2,1,0,3,1,1,3,10.0,6.42,25.71,2,16,48,40.666666666666664,0,0,1,0,medium
4,1,2,1,0,3,1,1,3,9.0,6.52,33.1,3,36,30,21.333333333333332,0,0,0,0,medium
2,1,0,1,0,1,1,1,1,9.0,7.88,38.47,1,21,41,33.333333333333336,0,0,0,0,medium
2,0,0,2,0,0,2,0,2,3.0,2.62,20.16,0,12,23,16.666666666666668,0,0,0,0,low
2,0,2,0,2,0,0,1,1,9.0,5.55,47.04,7,134,71,56.666666666666664,1,0,0,0,critical
5,2,2,1,2,2,1,2,3,15.0,11.91,61.37,6,74,52,43.0,1,0,0,0,critical
1,0,1,0,0,0,1,1,0,3.0,2.48,46.06,1,50,26,14.333333333333334,0,0,0,0,low
2,2,0,0,0,2,0,1,1,5.0,2.62,47.29,4,70,41,34.0,0,0,0,0,medium
1,1,0,0,0,1,0,0,1,9.0,5.87,47.54,3,51,23,23.0,0,0,1,0,medium
5,2,1,2,1,2,2,3,2,7.0,5.53,36.16,4,57,46,33.5,0,1,0,0,high
1,0,1,0,1,0,0,0,1,8.0,7.87,44.83,5,31,22,22.0,0,0,0,0,high
1,0,0,1,0,0,1,0,1,6.0,3.84,79.34,1,18,26,20.5,0,0,1,0,low
0,0,0,0,0,0,0,0,0,3.0,1.69,59.2,3,30,0,0.0,0,0,0,0,low
3,0,3,0,2,0,1,3,0,6.0,5.32,59.8,4,24,37,26.0,0,2,0,0,high
4,1,2,1,1,1,2,2,2,7.0,6.56,14.15,2,74,27,27.0,0,2,0,0,high
0,0,0,0,0,0,0,0,0,1.0,0.74,28.18,2,14,30,22.0,0,0,0,0,low
4,1,3,0,2,1,1,1,3,8.0,5.88,10.62,7,30,42,40.0,1,0,1,0,critical
3,1,2,0,2,1,0,3,0,12.0,9.54,54.87,5,30,49,35.0,0,3,0,0,high
4,1,2,1,1,1,2,1,3,8.0,5.22,42.27,2,56,46,46.0,0,1,0,0,high
5,1,4,0,0,3,2,3,2,9.0,5.6,47.28,2,80,39,21.666666666666668,0,0,0,0,medium
1,1,0,0,0,1,0,1,0,9.0,7.58,54.28,2,74,32,32.0,0,0,0,0,medium
5,2,1,2,0,3,2,4,1,9.0,7.68,23.16,4,31,23,19.0,0,0,1,0,medium
3,0,2,1,0,1,2,0,3,5.0,2.93,29.47,1,64,46,46.0,0,0,0,0,medium
1,0,1,0,1,0,0,1,0,13.0,8.48,65.21,3,84,21,21.0,0,3,0,0,high
0,0,0,0,0,0,0,0,0,5.0,4.22,27.34,1,46,29,29.0,0,0,0,0,low
4,1,2,1,2,1,1,3,1,19.0,10.3,22.02,7,138,38,38.0,1,0,0,0,critical
2,1,0,1,0,1,1,1,1,10.0,5.09,66.93,2,51,36,29.666666666666668,0,0,0,0,medium
1,0,1,0,0,0,1,1,0,1.0,0.89,22.43,3,6,18,16.0,0,0,0,0,low
2,0,1,1,1,0,1,1,1,6.0,5.45,48.18,3,42,37,30.333333333333332,1,0,1,0,high
6,2,3,1,2,2,2,5,1,11.0,5.87,72.64,4,30,44,44.0,0,0,0,0,high
3,3,0,0,0,3,0,1,2,6.0,4.39,31.67,3,79,36,36.0,0,0,0,0,medium
1,0,1,0,0,1,0,1,0,3.0,2.17,47.79,4,70,48,48.0,0,0,0,0,medium
2,0,2,0,1,1,0,1,1,19.0,17.54,42.16,6,134,70,45.0,1,0,0,0,critical
3,1,2,0,2,1,0,2,1,18.0,12.41,51.45,3,139,45,45.0,2,0,0,0,critical
1,0,1,0,0,1,0,0,1,9.0,5.29,41.82,3,23,35,34.5,0,0,0,0,medium
4,0,3,1,3,0,1,3,1,11.0,9.54,35.88,6,114,56,44.5,0,0,0,0,critical
4,1,2,1,2,1,1,3,1,13.0,12.32,42.14,4,47,20,19.0,0,3,0,0,high
3,0,3,0,1,2,0,0,3,9.0,5.93,50.61,4,66,48,40.0,0,1,0,0,high
4,0,2,2,2,0,2,2,2,5.0,4.52,66.83,2,28,33,32.0,0,3,0,0,high
2,0,1,1,0,0,2,2,0,1.0,0.65,78.08,1,44,0,0.0,0,0,1,0,low
1,0,1,0,1,0,0,0,1,14.0,7.26,66.18,5,82,31,31.0,1,0,1,0,high
4,0,3,1,3,0,1,1,3,11.0,6.11,53.06,3,30,78,78.0,2,0,0,0,critical
3,0,2,1,2,0,1,0,3,10.0,6.08,24.32,4,63,48,32.25,1,0,0,0,high
1,0,1,0,0,0,1,0,1,1.0,0.77,15.22,0,50,26,16.0,0,0,0,0,low
4,1,1,2,1,1,2,1,3,10.0,5.72,15.8,5,22,53,40.5,0,0,0,0,high
3,2,1,0,0,3,0,2,1,7.0,5.89,56.62,3,23,49,39.333333333333336,0,0,0,0,medium
5,0,4,1,3,0,2,4,1,16.0,15.76,35.35,3,75,51,42.0,1,0,0,0,critical
1,0,0,1,0,0,1,0,1,1.0,0.98,11.8,1,24,27,27.0,0,0,0,0,low
3,0,1,2,1,0,2,1,2,16.0,11.65,66.17,4,86,58,57.5,1,0,0,0,critical
3,3,0,0,0,3,0,1,2,3.0,1.71,51.93,1,45,36,36.0,0,0,0,0,medium
3,0,3,0,3,0,0,0,3,8.0,6.27,53.7,7,130,46,32.75,1,0,0,0,critical
3,0,2,1,0,1,2,1,2,3.0,2.07,35.01,2,25,46,45.5,0,0,0,0,medium
6,1,4,1,3,2,1,4,2,17.0,13.63,78.26,5,65,67,38.0,0,0,1,0,critical
4,1,3,0,0,3,1,3,1,8.0,5.17,72.21,4,50,40,29.333333333333332,0,0,0,0,medium
5,1,4,0,3,2,0,2,3,11.0,10.22,10.92,7,124,22,22.0,0,0,1,0,critical
3,1,1,1,0,2,1,2,1,10.0,8.17,25.69,3,78,37,31.0,0,0,0,0,medium
4,0,4,0,0,2,2,0,4,9.0,4.84,33.98,1,76,30,30.0,0,0,1,0,medium
4,1,3,0,2,2,0,2,2,5.0,4.01,25.46,2,88,56,49.25,1,0,1,0,high
1,0,1,0,0,0,1,1,0,4.0,2.46,61.33,1,39,11,10.5,0,0,0,0,low
2,0,0,2,0,0,2,2,0,3.0,2.0,40.1,2,49,24,22.5,0,0,0,0,low
3,1,2,0,1,2,0,0,3,13.0,10.25,47.04,3,83,48,41.5,1,0,1,0,high
3,0,3,0,2,0,1,2,1,8.0,5.88,41.74,2,31,50,41.5,1,0,1,0,high
3,1,2,0,0,3,0,3,0,7.0,5.8,25.38,2,49,40,38.0,0,0,0,0,medium
4,0,3,1,1,1,2,4,0,12.0,7.33,71.24,3,50,75,55.25,0,0,0,0,critical
5,0,4,1,3,0,2,3,2,18.0,14.08,55.89,5,104,74,58.333333333333336,1,0,1,0,critical
4,1,2,1,2,1,1,3,1,12.0,8.94,51.53,6,121,68,53.5,1,0,1,0,critical
6,0,5,1,2,2,2,5,1,14.0,12.19,70.77,3,73,48,31.0,0,0,0,0,high
3,1,2,0,1,1,1,1,2,11.0,8.2,12.36,5,99,58,58.0,1,0,1,0,high
4,0,3,1,2,0,2,4,0,8.0,7.18,64.42,3,75,56,56.0,0,2,0,0,high
4,1,3,0,2,2,0,2,2,7.0,6.63,82.77,4,22,52,43.0,0,2,0,0,high
4,0,3,1,1,2,1,2,2,13.0,8.39,84.76,3,70,52,40.75,1,0,0,0,high
2,0,2,0,1,0,1,0,2,5.0,3.42,20.44,2,58,51,51.0,1,0,1,0,high
4,1,3,0,0,2,2,2,2,9.0,8.46,56.18,3,56,20,20.0,0,0,0,0,medium
3,0,3,0,0,3,0,3,0,10.0,8.98,62.17,4,24,32,27.0,0,0,1,0,medium
4,2,1,1,1,2,1,3,1,14.0,13.6,76.41,5,56,60,39.0,0,3,0,0,high
1,0,0,1,0,0,1,0,1,5.0,3.08,59.65,3,32,12,12.0,0,0,0,0,low
2,0,2,0,2,0,0,2,0,10.0,8.19,44.53,2,95,28,21.5,0,0,0,0,high
1,0,1,0,0,0,1,1,0,6.0,4.8,14.9,2,18,23,15.666666666666666,0,0,0,0,low
0,0,0,0,0,0,0,0,0,3.0,1.78,17.66,3,21,10,9.0,0,0,0,0,low
4,0,2,2,2,0,2,1,3,8.0,6.11,19.2,5,38,52,50.333333333333336,1,0,0,0,critical
4,1,3,0,1,1,2,1,3,13.0,9.29,34.66,3,62,58,36.5,1,0,0,0,high
0,0,0,0,0,0,0,0,0,6.0,5.37,63.26,3,41,22,19.0,0,0,1,0,low
4,2,2,0,1,2,1,2,2,18.0,17.41,19.9,3,106,43,43.0,2,0,0,0,critical
3,0,3,0,2,1,0,1,2,11.0,9.07,33.13,5,100,54,49.0,1,0,0,0,critical
3,0,2,1,0,1,2,1,2,5.0,3.83,16.02,4,60,44,29.5,0,0,0,0,medium
3,0,3,0,2,0,1,0,3,11.0,5.79,30.44,3,47,47,43.0,1,0,0,0,high
5,1,2,2,0,3,2,3,2,4.0,3.64,78.98,1,17,43,33.666666666666664,0,0,0,0,medium
2,0,0,2,0,0,2,0,2,2.0,1.5,64.12,2,47,12,12.0,0,0,1,0,low
3,1,0,2,0,1,2,1,2,5.0,2.71,84.94,2,48,45,40.5,0,0,0,0,medium
4,1,1,2,0,2,2,2,2,10.0,9.05,54.16,4,71,47,47.0,0,0,0,0,medium
5,1,3,1,1,2,2,4,1,9.0,7.91,57.91,5,96,56,56.0,0,0,1,0,critical
0,0,0,0,0,0,0,0,0,2.0,1.62,29.66,1,7,29,23.666666666666668,0,0,0,0,low
5,0,3,2,1,2,2,1,4,11.0,9.13,16.43,7,75,63,49.5,1,0,0,0,critical
0,0,0,0,0,0,0,0,0,1.0,0.87,54.99,2,10,28,14.0,0,0,0,0,low
4,0,4,0,3,0,1,2,2,17.0,12.3,33.57,4,118,55,55.0,1,0,0,0,critical
3,0,3,0,2,1,0,2,1,19.0,15.06,14.08,4,82,77,46.25,1,0,0,0,critical
4,0,4,0,2,1,1,2,2,13.0,8.15,12.23,4,87,60,49.25,0,1,0,0,high
0,0,0,0,0,0,0,0,0,5.0,4.26,82.71,1,27,12,12.0,0,0,0,0,low
3,0,3,0,2,0,1,2,1,15.0,10.89,57.52,7,48,60,50.0,1,0,0,0,critical
4,1,2,1,0,3,1,2,2,9.0,8.28,28.01,1,31,43,24.333333333333332,0,0,0,0,medium
2,1,1,0,1,1,0,2,0,19.0,15.75,55.46,4,104,44,35.0,0,0,0,0,critical
2,0,1,1,0,0,2,1,1,5.0,4.66,80.96,0,14,30,21.666666666666668,0,0,0,0,low
1,0,1,0,1,0,0,0,1,9.0,8.11,29.32,4,62,52,36.0,0,1,0,0,high
5,1,3,1,0,3,2,1,4,5.0,3.61,69.48,4,69,37,29.0,0,0,0,0,medium
4,1,2,1,2,1,1,3,1,12.0,11.74,17.3,6,148,63,54.75,1,0,0,0,critical
3,1,2,0,1,2,0,0,3,7.0,4.07,52.0,3,47,47,39.333333333333336,0,0,0,0,high
5,1,3,1,2,2,1,3,2,19.0,17.06,53.3,4,57,71,68.0,1,0,0,0,critical
2,0,1,1,0,0,2,1,1,6.0,5.68,39.42,2,36,20,14.0,0,0,0,0,low
5,0,3,2,2,1,2,4,1,13.0,12.61,39.28,3,70,51,33.5,0,1,0,0,high
4,0,4,0,3,0,1,0,4,14.0,11.38,67.0,4,36,68,59.333333333333336,0,0,1,0,critical
3,1,2,0,0,3,0,3,0,9.0,8.63,83.53,1,25,43,30.0,0,0,0,0,medium
1,0,0,1,0,0,1,1,0,4.0,2.85,65.12,1,5,8,8.0,0,0,0,0,low
3,0,2,1,1,1,1,1,2,7.0,5.96,21.21,2,94,57,54.0,1,0,1,0,high
4,2,2,0,0,3,1,1,3,3.0,2.65,21.66,3,30,36,31.0,0,0,0,0,medium
2,2,0,0,0,2,0,1,1,7.0,6.31,70.87,4,73,30,30.0,0,0,0,0,medium
5,1,3,1,1,2,2,1,4,12.0,11.32,15.73,4,139,66,51.0,1,0,0,0,critical
3,0,3,0,3,0,0,0,3,20.0,17.27,31.18,6,80,53,53.0,0,0,0,0,critical
3,1,2,0,1,1,1,2,1,5.0,2.73,73.19,2,53,57,45.5,0,1,0,0,high
2,0,1,1,0,0,2,1,1,3.0,1.62,73.17,2,39,30,19.0,0,0,1,0,low
2,0,1,1,0,0,2,0,2,3.0,1.63,77.87,3,35,29,17.666666666666668,0,0,0,0,low
1,0,1,0,0,0,1,0,1,4.0,3.78,51.31,2,38,13,13.0,0,0,0,0,low
4,2,2,0,0,3,1,2,2,3.0,2.1,84.36,1,32,31,31.0,0,0,0,0,medium
4,0,3,1,1,1,2,3,1,14.0,13.9,29.89,3,145,44,32.0,0,0,1,0,critical
2,0,2,0,1,1,0,1,1,5.0,3.58,32.76,2,33,56,42.25,1,0,1,0,high
5,2,2,1,0,3,2,3,2,4.0,2.89,64.84,4,52,25,22.0,0,0,0,0,medium
6,0,5,1,3,1,2,5,1,15.0,10.38,39.97,7,83,65,64.5,0,0,0,0,critical
3,0,2,1,0,1,2,0,3,7.0,6.06,81.78,1,24,46,42.5,0,0,0,0,medium
4,2,2,0,0,3,1,3,1,7.0,6.07,71.12,1,74,15,14.0,0,0,0,0,medium
7,0,7,0,3,2,2,4,3,9.0,8.74,52.73,3,106,45,36.0,0,0,1,0,critical
2,0,0,2,0,0,2,2,0,4.0,2.3,47.94,3,14,28,15.0,0,0,0,0,low
2,0,1,1,0,0,2,2,0,3.0,2.51,65.48,0,26,0,0.0,0,0,0,0,low
3,0,2,1,1,0,2,3,0,6.0,4.63,70.09,4,80,56,56.0,0,0,0,0,high
1,0,0,1,0,0,1,0,1,2.0,1.26,37.16,0,11,0,0.0,0,0,0,0,low
2,0,2,0,2,0,0,0,2,5.0,4.67,13.17,4,69,38,33.25,1,0,1,0,high
3,1,2,0,2,1,0,3,0,11.0,8.55,23.39,5,143,74,57.5,0,0,0,0,critical
3,1,2,0,0,3,0,0,3,7.0,6.93,39.87,1,41,17,17.0,0,0,0,0,medium
1,0,1,0,1,0,0,1,0,11.0,10.57,61.33,3,69,56,39.333333333333336,1,0,1,0,high
0,0,0,0,0,0,0,0,0,3.0,2.99,71.02,2,50,30,30.0,0,0,0,0,low
4,0,3,1,2,1,1,3,1,7.0,3.82,65.53,3,69,25,25.0,0,3,0,0,high
3,0,3,0,1,1,1,2,1,8.0,4.32,67.01,3,31,55,41.25,1,0,0,0,high
2,0,2,0,2,0,0,0,2,14.0,10.01,23.94,4,87,35,24.75,1,0,1,0,high
1,0,1,0,1,0,0,0,1,7.0,5.22,11.65,2,31,40,31.75,1,0,1,0,high
4,0,4,0,0,2,2,4,0,4.0,2.47,36.0,1,21,42,31.0,0,0,0,0,medium
4,1,1,2,0,2,2,3,1,7.0,4.32,74.81,4,79,19,18.5,0,0,1,0,medium
5,0,4,1,1,2,2,2,3,14.0,9.05,76.26,5,114,75,40.666666666666664,1,0,0,0,critical
4,2,1,1,0,3,1,3,1,6.0,3.31,75.79,2,17,22,16.666666666666668,0,0,0,0,medium
4,0,3,1,2,0,2,1,3,5.0,3.15,79.16,3,39,57,55.5,1,0,1,0,high
5,0,5,0,0,3,2,2,3,9.0,8.25,24.32,3,64,23,23.0,0,0,1,0,medium
1,1,0,0,0,1,0,0,1,6.0,3.74,66.28,2,49,47,30.666666666666668,0,0,0,0,medium
5,0,5,0,2,1,2,2,3,19.0,14.81,79.13,6,57,80,49.75,1,0,1,0,critical
3,1,2,0,1,2,0,2,1,14.0,13.43,63.72,5,74,44,38.5,1,0,1,0,high
0,0,0,0,0,0,0,0,0,1.0,0.59,43.1,3,7,7,7.0,0,0,0,0,low
4,0,3,1,1,1,2,1,3,7.0,4.63,26.86,2,69,54,41.666666666666664,1,0,1,0,high
4,0,3,1,2,0,2,1,3,5.0,3.24,71.44,4,96,58,45.333333333333336,1,0,1,0,high
3,0,2,1,0,1,2,3,0,7.0,6.5,13.51,4,28,30,18.0,0,0,0,0,medium
4,1,2,1,2,1,1,1,3,9.0,6.91,68.47,5,77,51,38.0,0,3,0,0,high
4,1,3,0,2,2,0,2,2,5.0,4.56,17.71,4,89,16,16.0,0,3,0,0,high
2,0,1,1,0,0,2,2,0,5.0,4.46,74.61,1,26,27,13.0,0,0,0,0,low
7,2,3,2,3,2,2,3,4,16.0,12.9,18.2,7,82,64,48.5,1,0,0,0,critical
1,0,1,0,0,1,0,1,0,8.0,4.07,62.49,3,51,26,26.0,0,0,0,0,medium
3,2,1,0,0,3,0,2,1,5.0,4.13,29.37,4,65,49,48.0,0,0,0,0,medium
0,0,0,0,0,0,0,0,0,5.0,2.65,40.68,1,15,23,22.0,0,0,1,0,low
5,2,2,1,2,2,1,3,2,14.0,7.96,23.95,7,52,78,66.75,0,0,0,0,critical
3,0,1,2,0,1,2,1,2,8.0,5.34,13.92,4,25,13,13.0,0,0,1,0,medium
4,1,2,1,2,1,1,1,3,10.0,9.07,65.1,4,69,24,20.5,1,0,1,0,high
1,0,1,0,1,0,0,0,1,20.0,14.61,22.6,3,46,80,43.0,2,0,0,0,critical
4,0,4,0,0,3,1,1,3,6.0,4.47,52.14,1,37,46,36.666666666666664,0,0,1,0,medium
4,2,2,0,2,2,0,2,2,11.0,8.2,55.19,4,38,48,48.0,0,0,0,0,high
4,2,2,0,2,2,0,4,0,12.0,9.69,17.01,7,55,60,42.333333333333336,2,0,0,0,critical
5,0,3,2,0,3,2,3,2,6.0,5.97,34.36,4,72,35,35.0,0,0,1,0,medium
3,0,1,2,0,1,2,3,0,9.0,6.25,41.53,4,16,13,13.0,0,0,0,0,medium
6,1,5,0,2,2,2,3,3,12.0,8.4,79.55,2,81,40,31.666666666666668,0,0,0,0,high
4,2,1,1,1,2,1,2,2,11.0,6.01,20.31,2,22,60,40.333333333333336,0,3,0,0,high
3,1,2,0,2,1,0,2,1,11.0,7.0,22.34,7,46,78,61.0,1,0,0,0,critical
3,2,1,0,1,2,0,1,2,7.0,3.81,82.65,5,41,42,32.0,1,0,0,0,high
4,1,2,1,2,1,1,0,4,11.0,10.1,28.83,3,42,45,29.666666666666668,1,0,0,0,high
1,0,0,1,0,0,1,0,1,3.0,2.22,74.47,2,13,30,17.5,0,0,0,0,low
4,1,3,0,2,2,0,2,2,13.0,12.69,14.2,3,89,73,55.333333333333336,1,0,0,0,critical
2,0,1,1,0,0,2,2,0,2.0,1.98,12.2,3,27,13,9.0,0,0,0,0,low
5,2,2,1,0,3,2,1,4,10.0,7.55,56.47,2,64,50,37.5,0,0,0,0,medium
2,0,2,0,1,1,0,0,2,16.0,14.49,14.73,4,73,64,51.25,0,0,0,0,critical
3,0,3,0,3,0,0,2,1,16.0,13.84,25.09,5,51,79,58.5,0,0,1,0,critical
4,0,2,2,2,0,2,4,0,11.0,6.74,81.18,3,70,37,28.0,0,1,0,0,high
3,0,3,0,2,0,1,2,1,10.0,7.54,31.89,3,24,60,50.75,1,0,1,0,high
2,0,0,2,0,0,2,2,0,1.0,0.68,51.94,3,35,18,9.666666666666666,0,0,0,0,low
5,0,4,1,3,1,1,2,3,11.0,8.53,80.76,4,72,73,53.75,1,0,0,0,critical
2,1,0,1,0,1,1,2,0,8.0,4.03,37.85,2,28,39,39.0,0,0,0,0,medium
2,0,2,0,0,2,0,1,1,9.0,6.52,33.63,4,48,46,29.333333333333332,0,0,0,0,medium
2,0,0,2,0,0,2,1,1,1.0,0.5,37.0,0,28,29,19.0,0,0,1,0,low
6,0,4,2,2,2,2,0,6,13.0,11.23,43.32,6,69,33,33.0,1,0,0,0,critical
5,1,4,0,2,1,2,3,2,14.0,12.53,83.39,5,24,38,38.0,0,0,0,0,high
5,1,4,0,3,2,0,1,4,10.0,5.42,54.87,6,62,78,76.0,1,0,0,0,critical
3,0,2,1,2,0,1,2,1,5.0,4.37,49.72,2,93,50,33.75,0,3,0,0,high
1,0,1,0,1,0,0,0,1,17.0,13.37,81.43,4,98,65,47.0,1,0,1,0,critical
3,0,3,0,2,1,0,1,2,14.0,12.3,72.7,3,66,57,53.5,0,0,0,0,high
4,2,1,1,1,2,1,1,3,14.0,7.97,52.59,2,39,51,35.0,1,0,1,0,high
2,0,2,0,2,0,0,1,1,15.0,13.15,61.99,3,133,55,41.5,1,0,0,0,critical
4,0,4,0,3,0,1,2,2,19.0,13.66,54.85,6,68,54,52.333333333333336,1,0,0,0,critical
0,0,0,0,0,0,0,0,0,5.0,4.19,59.05,2,35,25,19.0,0,0,0,0,low
0,0,0,0,0,0,0,0,0,5.0,3.2,83.04,1,43,0,0.0,0,0,1,0,low
5,0,3,2,2,1,2,2,3,14.0,8.78,81.52,3,83,62,49.666666666666664,2,0,0,0,critical
5,0,4,1,0,3,2,4,1,4.0,2.19,56.14,4,16,45,32.666666666666664,0,0,0,0,medium
5,0,5,0,3,2,0,4,1,10.0,8.64,30.57,7,63,76,64.5,1,0,0,0,critical
2,0,0,2,0,0,2,1,1,2.0,1.31,57.22,2,21,25,25.0,0,0,0,0,low
3,0,3,0,2,0,1,2,1,10.0,7.54,50.48,3,49,74,56.666666666666664,1,0,0,0,critical
2,0,2,0,2,0,0,2,0,6.0,3.99,39.18,4,98,55,50.25,0,1,0,0,high
0,0,0,0,0,0,0,0,0,4.0,3.89,72.82,2,9,12,9.0,0,0,0,0,low
3,0,3,0,2,1,0,2,1,7.0,5.41,45.71,3,38,59,53.0,0,0,0,0,high
6,1,5,0,2,2,2,3,3,16.0,11.55,52.98,6,112,72,45.25,1,0,1,0,critical
2,0,2,0,0,0,2,2,0,4.0,3.86,73.9,1,14,18,18.0,0,0,0,0,low
3,1,2,0,0,3,0,1,2,8.0,4.31,77.42,2,26,13,11.5,0,0,0,0,medium
1,0,1,0,0,0,1,0,1,6.0,4.16,21.75,0,6,22,18.0,0,0,1,0,low
1,0,0,1,0,0,1,0,1,1.0,0.84,29.63,3,5,12,12.0,0,0,0,0,low
0,0,0,0,0,0,0,0,0,6.0,4.88,33.51,1,47,0,0.0,0,0,0,0,low
3,2,1,0,0,2,1,3,0,9.0,6.78,57.62,2,41,36,25.5,0,0,0,0,medium
4,1,3,0,2,2,0,2,2,20.0,14.17,75.09,5,37,76,65.0,0,0,1,0,critical
2,0,2,0,0,0,2,1,1,2.0,1.11,42.61,2,34,23,23.0,0,0,0,0,low
3,0,3,0,1,0,2,0,3,15.0,14.27,73.12,3,85,63,39.75,2,0,0,0,critical
4,2,1,1,0,3,1,1,3,3.0,1.96,31.09,4,39,26,26.0,0,0,0,0,medium
5,0,4,1,1,2,2,3,2,8.0,7.25,38.67,3,28,58,43.75,1,0,1,0,high
0,0,0,0,0,0,0,0,0,3.0,1.94,40.79,1,7,15,15.0,0,0,0,0,low
1,0,0,1,0,0,1,0,1,1.0,0.78,36.88,3,24,9,9.0,0,0,0,0,low
2,0,1,1,0,0,2,1,1,5.0,2.82,24.71,0,11,26,26.0,0,0,0,0,low
2,0,1,1,0,0,2,2,0,4.0,3.42,26.16,2,40,18,13.333333333333334,0,0,0,0,low
3,1,2,0,2,1,0,1,2,8.0,5.81,17.05,4,49,36,36.0,0,2,0,0,high
3,0,2,1,0,1,2,1,2,7.0,3.97,36.43,1,45,44,36.666666666666664,0,0,0,0,medium
3,1,1,1,0,1,2,2,1,3.0,1.53,77.94,4,58,46,46.0,0,0,0,0,medium
2,0,2,0,2,0,0,0,2,8.0,4.39,21.17,6,94,78,52.0,0,0,0,0,critical
1,0,1,0,0,0,1,0,1,4.0,3.62,80.59,3,36,23,23.0,0,0,0,0,low
1,0,0,1,0,0,1,0,1,6.0,3.55,15.91,3,34,0,0.0,0,0,0,0,low
3,2,1,0,1,2,0,1,2,9.0,5.12,31.11,7,98,72,40.333333333333336,1,0,0,0,critical
6,0,5,1,3,2,1,3,3,10.0,7.09,65.74,6,71,54,34.75,1,0,0,0,critical
1,0,1,0,0,1,0,0,1,7.0,6.98,64.35,2,46,37,25.666666666666668,0,0,0,0,medium
4,0,4,0,2,0,2,2,2,9.0,8.43,73.98,2,89,24,24.0,0,0,0,0,high
2,0,2,0,0,1,1,2,0,9.0,7.55,57.41,3,27,45,38.0,0,0,0,0,medium
3,1,2,0,1,1,1,2,1,12.0,6.91,66.51,6,77,62,52.333333333333336,0,0,0,0,critical
4,1,2,1,1,1,2,2,2,17.0,14.55,54.81,6,34,61,52.75,2,0,0,0,critical
3,0,1,2,1,0,2,1,2,16.0,12.35,34.28,6,119,56,43.5,0,0,0,0,critical
4,2,2,0,2,2,0,1,3,11.0,9.9,55.99,3,63,68,54.0,0,0,0,0,critical
2,0,1,1,1,0,1,0,2,8.0,6.91,69.03,2,20,31,24.0,1,0,0,0,high
1,0,1,0,0,0,1,1,0,2.0,1.03,18.11,3,18,0,0.0,0,0,0,0,low
4,1,2,1,0,2,2,1,3,3.0,1.51,23.54,3,23,24,22.666666666666668,0,0,0,0,medium
5,0,5,0,3,1,1,3,2,9.0,4.71,11.36,6,131,55,40.5,0,0,0,0,critical
2,0,2,0,0,0,2,0,2,6.0,5.29,57.0,3,23,26,26.0,0,0,0,0,low
2,0,1,1,0,0,2,2,0,4.0,3.84,44.2,0,11,0,0.0,0,0,0,0,low
1,0,0,1,0,0,1,1,0,4.0,2.65,52.45,1,29,8,8.0,0,0,0,0,low
4,0,2,2,2,0,2,3,1,10.0,8.87,47.04,5,64,50,50.0,0,3,0,0,high
2,0,1,1,0,0,2,0,2,4.0,2.26,40.73,1,42,21,13.0,0,0,1,0,low
3,1,2,0,1,2,0,2,1,11.0,8.54,50.11,2,100,47,32.666666666666664,0,1,0,0,high
2,0,2,0,0,0,2,2,0,2.0,1.92,12.56,1,12,0,0.0,0,0,0,0,low
3,2,1,0,0,3,0,3,0,7.0,4.79,48.18,3,50,29,29.0,0,0,0,0,medium
5,1,4,0,3,2,0,3,2,19.0,18.98,45.88,7,47,55,47.5,1,0,0,0,critical
3,1,0,2,0,1,2,2,1,8.0,4.0,55.19,4,31,42,32.666666666666664,0,0,0,0,medium
3,0,1,2,1,0,2,3,0,17.0,14.36,41.26,3,36,23,23.0,1,0,0,0,critical
2,0,1,1,0,0,2,2,0,4.0,2.84,68.83,0,35,30,26.5,0,0,0,0,low
5,0,3,2,2,1,2,2,3,12.0,8.21,31.53,6,89,23,23.0,1,0,0,0,critical
0,0,0,0,0,0,0,0,0,2.0,1.95,37.84,3,13,16,13.0,0,0,0,0,low
2,0,1,1,0,0,2,1,1,2.0,1.04,48.97,0,41,26,22.0,0,0,0,0,low
3,0,2,1,1,0,2,1,2,10.0,7.53,29.71,4,85,58,39.666666666666664,0,1,0,0,high
0,0,0,0,0,0,0,0,0,4.0,3.99,30.85,3,11,0,0.0,0,0,0,0,low
1,0,1,0,0,0,1,1,0,4.0,2.79,70.86,2,13,0,0.0,0,0,0,0,low
4,1,3,0,1,1,2,2,2,13.0,10.66,21.61,5,38,58,43.5,1,0,1,0,high
4,0,4,0,3,0,1,1,3,13.0,10.63,50.06,5,56,58,58.0,2,0,0,0,critical
4,0,2,2,2,0,2,1,3,5.0,3.05,42.53,5,32,52,49.0,0,0,0,0,high
5,2,3,0,3,2,0,2,3,11.0,9.2,83.6,7,56,78,61.0,1,0,0,0,critical
3,1,1,1,0,2,1,2,1,9.0,8.28,43.81,4,51,41,41.0,0,0,0,0,medium
3,1,0,2,0,1,2,1,2,9.0,5.82,56.78,4,19,48,32.333333333333336,0,0,0,0,medium
1,1,0,0,0,1,0,0,1,8.0,5.31,63.84,1,22,31,27.666666666666668,0,0,0,0,medium
5,0,3,2,1,2,2,3,2,11.0,9.15,56.31,5,100,54,48.333333333333336,1,0,1,0,high
2,0,2,0,0,1,1,2,0,10.0,9.9,76.29,4,30,47,33.333333333333336,0,0,0,0,medium
5,1,4,0,2,1,2,1,4,5.0,4.13,59.29,4,94,56,56.0,0,1,0,0,high
2,0,1,1,0,0,2,0,2,1.0,0.83,68.78,1,44,6,5.666666666666667,0,0,0,0,low
3,3,0,0,0,3,0,3,0,10.0,8.11,14.44,2,65,47,47.0,0,0,0,0,medium
2,0,1,1,0,0,2,2,0,6.0,3.49,54.54,0,18,12,8.5,0,0,0,0,low
0,0,0,0,0,0,0,0,0,6.0,4.41,46.07,3,30,29,23.5,0,0,0,0,low
2,1,1,0,1,1,0,0,2,14.0,8.14,46.09,4,62,30,30.0,1,0,1,0,high
5,1,4,0,2,1,2,2,3,12.0,10.19,64.18,7,142,78,54.666666666666664,0,0,0,0,critical
3,0,3,0,2,0,1,1,2,19.0,14.33,68.96,6,59,33,29.5,1,0,0,0,critical
2,1,1,0,0,2,0,1,1,7.0,3.79,50.47,2,17,44,28.0,0,0,0,0,medium
1,0,0,1,0,0,1,0,1,4.0,3.32,52.8,0,50,30,27.5,0,0,0,0,low
3,2,1,0,0,3,0,2,1,3.0,2.87,79.29,2,74,44,44.0,0,0,0,0,medium
2,0,0,2,0,0,2,1,1,4.0,3.17,39.58,1,33,0,0.0,0,0,0,0,low
3,1,1,1,0,2,1,1,2,7.0,4.65,29.68,2,53,22,22.0,0,0,1,0,medium
1,0,1,0,1,0,0,1,0,6.0,4.72,27.77,4,42,24,24.0,1,0,1,0,high
3,1,2,0,0,3,0,1,2,9.0,6.82,46.91,3,57,24,21.0,0,0,0,0,medium
2,0,0,2,0,0,2,1,1,5.0,3.66,60.04,0,21,29,21.666666666666668,0,0,0,0,low
4,1,2,1,0,2,2,3,1,3.0,1.99,77.44,1,37,40,26.0,0,0,1,0,medium
4,0,4,0,0,2,2,2,2,5.0,3.26,44.79,3,27,18,18.0,0,0,0,0,medium
6,1,5,0,2,2,2,3,3,12.0,9.32,42.9,6,48,64,53.5,1,0,0,0,critical
4,0,4,0,2,2,0,2,2,19.0,11.76,13.72,7,100,62,46.333333333333336,0,0,0,0,critical
3,0,2,1,1,0,2,0,3,17.0,14.79,44.72,7,40,27,27.0,1,0,1,0,critical
1,0,1,0,1,0,0,1,0,12.0,8.1,59.14,4,43,35,35.0,1,0,1,0,high
3,2,1,0,0,3,0,0,3,5.0,4.25,41.87,1,54,32,28.0,0,0,0,0,medium
2,2,0,0,0,2,0,0,2,3.0,1.54,50.6,4,42,45,26.333333333333332,0,0,0,0,medium
2,0,1,1,1,0,1,2,0,19.0,12.33,55.21,5,141,20,20.0,1,0,0,0,critical
1,0,1,0,0,1,0,1,0,7.0,4.72,59.4,4,52,13,13.0,0,0,0,0,medium
3,1,1,1,0,2,1,0,3,6.0,5.58,54.15,1,39,47,32.5,0,0,0,0,medium
3,1,0,2,0,1,2,2,1,4.0,2.91,45.87,2,41,40,33.0,0,0,0,0,medium
2,1,1,0,1,1,0,0,2,13.0,11.56,50.32,6,58,68,61.0,1,0,0,0,critical
3,0,3,0,2,0,1,1,2,11.0,9.64,38.88,7,60,52,51.5,1,0,0,0,critical
5,0,3,2,3,0,2,2,3,20.0,13.09,70.65,6,125,54,44.5,1,0,0,0,critical
2,0,0,2,0,0,2,1,1,1.0,0.51,15.59,3,21,10,10.0,0,0,0,0,low
5,1,4,0,2,2,1,2,3,18.0,10.8,32.92,4,86,45,45.0,1,0,0,0,critical
2,1,0,1,0,1,1,2,0,9.0,4.55,43.67,3,32,38,28.666666666666668,0,0,1,0,medium
1,0,1,0,0,1,0,0,1,7.0,5.75,37.27,2,41,24,20.666666666666668,0,0,0,0,medium
4,1,3,0,1,1,2,2,2,12.0,6.38,23.8,2,45,47,35.75,1,0,0,0,high
4,1,1,2,1,1,2,3,1,14.0,11.48,44.02,5,64,29,29.0,1,0,1,0,high
2,0,2,0,2,0,0,1,1,18.0,9.86,14.41,6,57,67,46.25,1,0,0,0,critical
3,0,3,0,0,2,1,2,1,4.0,2.96,54.18,2,27,34,23.666666666666668,0,0,0,0,medium
0,0,0,0,0,0,0,0,0,5.0,4.02,57.98,3,41,30,23.5,0,0,0,0,low
4,1,3,0,0,3,1,4,0,4.0,3.37,25.12,2,64,18,18.0,0,0,1,0,medium
3,0,2,1,2,0,1,0,3,10.0,9.29,20.83,7,126,74,45.5,1,0,0,0,critical
5,0,4,1,1,2,2,3,2,13.0,7.92,66.45,4,58,43,40.666666666666664,1,0,0,0,critical
1,0,0,1,0,0,1,0,1,6.0,5.69,36.51,2,44,27,25.333333333333332,0,0,0,0,low
3,0,1,2,1,0,2,2,1,11.0,6.96,69.34,5,66,79,50.0,1,0,0,0,critical
1,0,1,0,0,0,1,1,0,3.0,2.88,13.16,0,19,10,9.0,0,0,0,0,low
4,1,2,1,1,2,1,1,3,11.0,9.18,14.86,3,82,45,31.25,0,1,0,0,high
2,0,2,0,2,0,0,2,0,15.0,9.76,10.77,5,45,24,24.0,1,0,0,0,critical
3,1,2,0,1,2,0,2,1,19.0,12.18,12.34,5,101,75,75.0,1,0,1,0,critical
1,0,0,1,0,0,1,0,1,5.0,4.54,63.37,1,16,26,17.0,0,0,0,0,low
4,1,3,0,2,2,0,0,4,10.0,6.17,75.39,3,73,59,47.0,1,0,1,0,high
1,0,1,0,0,0,1,1,0,6.0,3.68,23.28,1,35,0,0.0,0,0,0,0,low
4,0,3,1,2,0,2,2,2,9.0,5.73,43.71,5,60,45,33.0,1,0,1,0,high
1,0,0,1,0,0,1,0,1,3.0,1.83,74.28,3,49,28,15.333333333333334,0,0,0,0,low
1,1,0,0,0,1,0,1,0,3.0,1.6,23.97,2,18,21,19.5,0,0,1,0,medium
3,0,3,0,2,1,0,1,2,15.0,10.47,65.14,3,135,54,53.5,0,0,0,0,critical
2,0,2,0,2,0,0,2,0,8.0,6.0,41.16,3,148,65,53.75,1,0,1,0,critical
1,1,0,0,0,1,0,0,1,9.0,7.09,32.01,3,80,40,38.0,0,0,0,0,medium
3,0,3,0,1,1,1,1,2,10.0,8.51,74.98,3,53,29,29.0,1,0,1,0,high
3,0,3,0,2,0,1,0,3,15.0,12.91,13.52,7,76,76,76.0,1,0,0,0,critical
3,0,2,1,2,0,1,2,1,8.0,5.71,38.68,4,46,38,29.666666666666668,0,0,0,0,high
1,0,1,0,1,0,0,1,0,10.0,9.02,38.6,2,31,59,51.75,1,0,0,0,high
5,1,4,0,2,2,1,2,3,13.0,9.59,30.14,4,118,67,67.0,1,0,0,0,critical
1,0,0,1,0,0,1,0,1,2.0,1.18,27.25,1,45,0,0.0,0,0,0,0,low
3,0,3,0,0,2,1,3,0,10.0,5.5,28.34,1,37,30,30.0,0,0,1,0,medium
2,0,0,2,0,0,2,2,0,3.0,2.14,49.7,1,18,25,20.0,0,0,0,0,low
4,0,3,1,2,0,2,2,2,10.0,5.93,78.08,4,56,21,21.0,0,1,0,0,high
3,0,2,1,1,0,2,2,1,5.0,4.72,76.98,2,52,56,40.5,0,3,0,0,high
4,1,2,1,2,1,1,4,0,19.0,18.31,83.92,4,115,31,27.5,0,0,0,0,critical
4,3,0,1,0,3,1,1,3,3.0,2.67,11.21,2,63,28,28.0,0,0,0,0,medium
3,1,2,0,0,2,1,1,2,7.0,5.35,78.41,2,15,22,22.0,0,0,0,0,medium
1,0,0,1,0,0,1,0,1,4.0,2.16,36.52,2,44,28,23.5,0,0,0,0,low
1,0,1,0,1,0,0,1,0,11.0,8.57,30.84,4,35,45,37.0,0,3,0,0,high
1,0,1,0,0,0,1,0,1,4.0,3.41,76.87,0,16,27,19.0,0,0,0,0,low
3,0,3,0,1,1,1,1,2,14.0,7.25,79.06,4,49,34,24.5,1,0,1,0,high
5,2,3,0,0,3,2,3,2,5.0,3.1,24.22,1,35,41,37.0,0,0,0,0,medium
2,0,2,0,1,0,1,1,1,14.0,9.18,67.05,3,30,32,32.0,1,0,1,0,high
1,0,0,1,0,0,1,0,1,1.0,1.0,48.05,0,47,23,18.5,0,0,0,0,low
1,0,1,0,0,0,1,1,0,2.0,1.43,77.85,2,26,24,18.333333333333332,0,0,0,0,low
4,1,2,1,1,2,1,3,1,7.0,6.92,17.27,5,44,49,38.5,0,3,0,0,high
0,0,0,0,0,0,0,0,0,4.0,3.23,39.32,0,24,21,17.5,0,0,1,0,low
3,1,2,0,1,1,1,2,1,11.0,6.33,60.05,4,87,58,50.0,0,0,0,0,high
5,2,2,1,2,2,1,4,1,19.0,14.33,66.35,6,40,30,30.0,1,0,0,0,critical
3,2,1,0,1,2,0,1,2,13.0,12.06,67.81,4,75,38,27.0,1,0,1,0,high
4,0,3,1,2,1,1,4,0,8.0,6.78,13.75,3,31,54,54.0,1,0,1,0,high
0,0,0,0,0,0,0,0,0,1.0,0.96,10.86,1,12,22,14.333333333333334,0,0,0,0,low
5,2,2,1,0,3,2,1,4,8.0,5.77,65.48,4,60,41,41.0,0,0,0,0,medium
1,0,1,0,1,0,0,0,1,18.0,9.88,64.42,3,100,62,40.666666666666664,1,0,0,0,critical
3,0,3,0,1,0,2,3,0,16.0,13.61,41.46,3,107,65,63.0,1,0,0,0,critical
2,0,1,1,0,0,2,1,1,2.0,1.35,64.13,2,8,0,0.0,0,0,0,0,low
0,0,0,0,0,0,0,0,0,4.0,2.13,31.23,3,14,30,19.0,0,0,0,0,low
2,0,0,2,0,0,2,0,2,6.0,3.8,82.24,3,41,29,21.0,0,0,0,0,low
5,2,2,1,2,2,1,0,5,18.0,14.25,22.79,7,130,66,44.5,1,0,0,0,critical
4,0,4,0,3,0,1,2,2,15.0,13.72,69.15,6,142,54,41.333333333333336,0,0,0,0,critical
2,0,1,1,0,0,2,1,1,2.0,1.07,24.6,1,42,9,9.0,0,0,1,0,low
4,0,3,1,3,0,1,1,3,16.0,8.79,22.25,7,139,45,45.0,1,0,1,0,critical
5,0,3,2,1,2,2,3,2,11.0,8.8,62.25,5,28,48,34.0,1,0,0,0,high
0,0,0,0,0,0,0,0,0,6.0,4.06,24.85,3,40,26,18.333333333333332,0,0,0,0,low
3,0,2,1,2,0,1,2,1,15.0,11.11,34.99,6,69,58,52.333333333333336,1,0,1,0,critical
1,0,1,0,0,0,1,1,0,5.0,4.21,78.37,1,39,24,21.0,0,0,0,0,low
7,0,5,2,3,2,2,3,4,10.0,9.17,70.47,6,46,55,53.5,1,0,0,0,critical
5,1,3,1,2,1,2,2,3,10.0,5.18,82.4,4,27,56,40.333333333333336,0,0,0,0,high
0,0,0,0,0,0,0,0,0,1.0,0.75,21.24,3,10,9,9.0,0,0,1,0,low
0,0,0,0,0,0,0,0,0,1.0,0.59,46.58,0,25,0,0.0,0,0,0,0,low
3,0,3,0,2,0,1,3,0,5.0,3.71,42.92,3,57,54,54.0,1,0,0,0,high
4,0,2,2,1,1,2,2,2,9.0,6.33,38.16,3,97,27,27.0,0,0,0,0,high
3,1,1,1,0,2,1,1,2,8.0,5.29,52.63,4,31,38,38.0,0,0,0,0,medium
3,0,3,0,0,2,1,0,3,5.0,3.61,30.0,2,20,45,34.5,0,0,0,0,medium
1,0,0,1,0,0,1,0,1,5.0,3.77,63.39,0,37,0,0.0,0,0,0,0,low
3,0,3,0,3,0,0,0,3,15.0,12.2,62.79,4,128,75,54.75,1,0,0,0,critical
3,2,1,0,1,2,0,0,3,20.0,14.42,29.92,5,93,44,32.0,1,0,0,0,critical
2,1,1,0,0,2,0,1,1,3.0,1.69,13.43,3,80,24,24.0,0,0,0,0,medium
4,1,2,1,0,3,1,2,2,6.0,5.17,38.26,2,43,33,22.0,0,0,0,0,medium
2,0,1,1,0,0,2,0,2,4.0,3.6,17.89,3,27,7,7.0,0,0,0,0,low
4,0,4,0,2,0,2,1,3,14.0,12.33,33.57,4,84,46,36.5,1,0,0,0,critical
1,0,1,0,1,0,0,1,0,20.0,19.24,64.93,7,91,41,36.5,0,0,1,0,critical
2,1,1,0,0,2,0,1,1,4.0,3.47,42.54,1,44,25,23.0,0,0,0,0,medium
1,0,1,0,0,0,1,1,0,2.0,1.78,40.2,1,32,28,23.5,0,0,1,0,low
1,0,1,0,1,0,0,1,0,14.0,10.32,72.45,2,35,28,24.5,0,3,0,0,high
3,1,1,1,0,2,1,1,2,6.0,5.45,14.58,1,16,42,32.333333333333336,0,0,0,0,medium
4,1,1,2,0,2,2,3,1,7.0,6.6,51.53,2,66,34,32.5,0,0,0,0,medium
3,0,3,0,1,2,0,2,1,12.0,10.28,34.91,3,33,44,44.0,1,0,1,0,high
3,1,2,0,2,1,0,1,2,9.0,4.84,71.78,7,102,70,48.0,1,0,0,0,critical
3,0,3,0,2,1,0,0,3,8.0,6.67,44.38,3,73,71,48.0,1,0,0,0,critical
3,0,3,0,3,0,0,0,3,15.0,12.18,53.84,4,62,72,56.75,0,0,0,0,critical
3,0,3,0,3,0,0,3,0,19.0,15.64,48.44,5,124,77,61.5,0,0,0,0,critical
2,0,2,0,1,1,0,1,1,11.0,7.87,28.92,6,66,78,54.0,0,0,1,0,critical
3,0,2,1,1,0,2,2,1,10.0,7.28,22.8,3,110,72,56.0,1,0,0,0,critical
7,0,6,1,3,2,2,3,4,8.0,7.99,80.94,5,128,72,61.333333333333336,0,0,0,0,critical
2,0,2,0,0,0,2,1,1,2.0,1.64,49.07,3,17,24,17.666666666666668,0,0,0,0,low
1,0,1,0,0,1,0,1,0,4.0,2.2,79.63,3,18,45,34.666666666666664,0,0,0,0,medium
3,0,2,1,1,1,1,1,2,6.0,4.78,80.5,3,32,60,44.333333333333336,0,0,0,0,high
4,2,1,1,0,3,1,4,0,8.0,7.99,19.92,3,46,41,37.5,0,0,0,0,medium
0,0,0,0,0,0,0,0,0,1.0,0.84,20.73,1,42,26,21.5,0,0,1,0,low
0,0,0,0,0,0,0,0,0,3.0,2.68,73.81,3,18,30,18.0,0,0,0,0,low
3,1,1,1,1,1,1,1,2,16.0,10.91,42.7,5,133,59,49.0,0,0,1,0,critical
4,1,2,1,1,2,1,2,2,18.0,13.59,13.41,5,78,73,65.0,1,0,0,0,critical
3,0,3,0,2,1,0,2,1,13.0,8.72,60.09,4,55,70,47.0,1,0,0,0,critical
4,1,3,0,2,2,0,1,3,11.0,9.17,22.77,2,80,46,45.0,1,0,1,0,high
3,0,2,1,1,0,2,1,2,17.0,10.88,26.66,5,141,78,57.25,2,0,0,0,critical
4,0,4,0,3,0,1,2,2,9.0,7.96,28.76,6,146,29,29.0,0,0,0,0,critical
4,0,4,0,3,0,1,2,2,14.0,8.87,68.91,3,48,32,32.0,1,0,0,0,critical
3,1,1,1,1,1,1,2,1,18.0,10.45,61.51,6,56,72,57.0,2,0,0,0,critical
5,2,1,2,1,2,2,2,3,12.0,7.08,18.13,5,88,20,20.0,1,0,1,0,high
7,1,6,0,3,2,2,5,2,9.0,6.78,37.99,4,120,33,33.0,0,0,1,0,critical
4,2,1,1,0,3,1,2,2,9.0,5.3,45.32,3,69,32,32.0,0,0,0,0,medium
6,0,6,0,2,2,2,4,2,5.0,2.86,57.05,3,25,32,26.0,0,3,0,0,high
3,1,2,0,0,2,1,3,0,6.0,3.09,30.31,4,48,25,25.0,0,0,1,0,medium
1,0,1,0,0,0,1,1,0,2.0,1.54,72.73,2,15,13,13.0,0,0,1,0,low
2,0,1,1,0,0,2,0,2,3.0,2.96,35.7,1,40,21,12.0,0,0,0,0,low
1,0,0,1,0,0,1,0,1,1.0,0.7,43.12,2,35,30,22.5,0,0,0,0,low
1,0,1,0,1,0,0,1,0,13.0,7.03,75.15,2,55,51,35.0,0,2,0,0,high
5,3,1,1,0,3,2,2,3,7.0,5.06,40.73,1,46,48,35.0,0,0,0,0,medium
3,0,3,0,2,0,1,1,2,6.0,5.18,22.65,4,89,52,33.666666666666664,1,0,0,0,high
2,0,1,1,0,0,2,1,1,1.0,0.62,25.45,0,25,0,0.0,0,0,0,0,low
0,0,0,0,0,0,0,0,0,6.0,4.41,47.23,0,41,0,0.0,0,0,0,0,low
3,0,3,0,2,0,1,1,2,16.0,13.93,27.95,7,64,59,37.666666666666664,0,0,0,0,critical
1,0,0,1,0,0,1,0,1,3.0,2.86,66.45,0,11,27,16.0,0,0,0,0,low
1,0,1,0,0,1,0,1,0,7.0,5.26,48.89,3,52,29,20.0,0,0,0,0,medium
6,0,5,1,2,2,2,4,2,10.0,5.82,84.33,3,60,34,30.5,1,0,0,0,high
1,1,0,0,0,1,0,1,0,3.0,2.77,49.68,1,45,33,33.0,0,0,0,0,medium
0,0,0,0,0,0,0,0,0,2.0,1.03,63.11,2,30,0,0.0,0,0,0,0,low
3,0,2,1,0,2,1,2,1,4.0,3.51,26.49,3,76,32,31.0,0,0,0,0,medium
2,0,0,2,0,0,2,2,0,6.0,4.0,17.11,2,14,10,10.0,0,0,0,0,low
0,0,0,0,0,0,0,0,0,1.0,0.54,62.19,0,14,24,24.0,0,0,0,0,low
2,0,2,0,1,1,0,1,1,13.0,6.77,66.89,2,23,45,31.0,0,2,0,0,high
4,2,2,0,2,2,0,2,2,8.0,5.35,49.23,7,120,75,68.5,0,0,0,0,critical
1,0,1,0,0,0,1,1,0,6.0,5.94,22.56,0,47,0,0.0,0,0,0,0,low
2,0,1,1,0,1,1,1,1,4.0,2.39,22.72,1,16,41,41.0,0,0,0,0,medium
1,0,1,0,0,0,1,1,0,1.0,0.7,72.64,1,29,0,0.0,0,0,0,0,low
4,0,4,0,0,3,1,2,2,3.0,2.04,47.97,1,50,35,34.0,0,0,1,0,medium
2,0,2,0,2,0,0,1,1,14.0,13.49,66.2,5,32,36,36.0,0,0,0,0,high
7,2,4,1,3,2,2,4,3,19.0,12.73,20.78,4,37,50,44.5,2,0,0,0,critical
2,0,0,2,0,0,2,1,1,1.0,0.79,62.57,2,24,0,0.0,0,0,1,0,low
0,0,0,0,0,0,0,0,0,3.0,1.74,49.42,2,42,0,0.0,0,0,0,0,low
4,0,3,1,1,2,1,0,4,17.0,9.17,31.99,3,63,79,51.0,2,0,0,0,critical
1,0,1,0,0,0,1,0,1,2.0,1.85,77.27,2,49,28,28.0,0,0,0,0,low
2,0,1,1,1,0,1,0,2,18.0,17.53,78.87,5,47,68,43.0,1,0,1,0,critical
2,0,0,2,0,0,2,1,1,6.0,5.97,17.09,0,30,22,19.0,0,0,0,0,low
1,0,1,0,0,1,0,1,0,7.0,5.49,62.21,2,58,39,31.333333333333332,0,0,0,0,medium
2,0,2,0,1,1,0,0,2,18.0,14.91,63.52,6,125,55,38.25,1,0,1,0,critical
2,0,1,1,1,0,1,2,0,9.0,8.69,39.24,7,63,61,43.0,1,0,0,0,critical
0,0,0,0,0,0,0,0,0,6.0,3.46,55.53,0,13,23,23.0,0,0,1,0,low
4,0,3,1,3,0,1,2,2,9.0,5.29,51.91,5,79,59,41.75,1,0,0,0,critical
4,1,2,1,2,1,1,2,2,7.0,4.44,26.13,5,81,58,34.25,1,0,0,0,high
1,1,0,0,0,1,0,1,0,10.0,9.42,21.67,1,68,50,33.333333333333336,0,0,0,0,medium
2,0,2,0,2,0,0,0,2,10.0,6.89,38.91,2,58,50,45.0,0,2,0,0,high
5,0,4,1,3,0,2,1,4,19.0,18.05,59.08,7,63,80,71.5,0,0,1,0,critical
4,2,2,0,2,2,0,0,4,14.0,8.96,50.63,2,24,25,25.0,1,0,1,0,high
3,0,2,1,0,1,2,2,1,9.0,8.23,45.51,3,22,46,35.0,0,0,0,0,medium
4,1,2,1,0,3,1,3,1,7.0,6.53,54.78,3,51,35,27.5,0,0,0,0,medium
1,0,0,1,0,0,1,1,0,2.0,1.81,61.26,3,9,0,0.0,0,0,0,0,low
2,1,1,0,0,2,0,1,1,9.0,9.0,44.64,1,24,49,49.0,0,0,1,0,medium
3,2,1,0,0,3,0,3,0,6.0,5.48,69.82,1,69,43,28.666666666666668,0,0,0,0,medium
1,0,1,0,0,0,1,1,0,4.0,3.5,11.66,0,9,17,17.0,0,0,0,0,low
2,0,0,2,0,0,2,1,1,1.0,0.64,14.11,3,5,15,9.333333333333334,0,0,0,0,low
3,0,2,1,1,1,1,3,0,12.0,10.98,32.7,3,82,76,50.5,1,0,0,0,critical
1,0,0,1,0,0,1,0,1,4.0,3.09,47.14,0,50,22,22.0,0,0,0,0,low
5,1,2,2,1,2,2,1,4,10.0,6.41,16.25,4,36,50,41.0,1,0,1,0,high
3,0,2,1,1,1,1,2,1,11.0,8.68,81.97,5,77,22,22.0,1,0,1,0,high
2,0,0,2,0,0,2,1,1,2.0,1.95,78.69,3,27,23,16.0,0,0,0,0,low
3,0,3,0,3,0,0,0,3,20.0,13.42,44.48,6,120,62,45.666666666666664,2,0,0,0,critical
5,1,3,1,2,2,1,2,3,9.0,6.54,83.72,3,36,67,45.5,0,0,1,0,critical
3,1,2,0,0,1,2,1,2,5.0,4.07,60.98,1,46,40,30.666666666666668,0,0,0,0,medium
3,1,2,0,2,1,0,1,2,13.0,7.89,47.63,3,43,29,29.0,0,2,0,0,high
1,0,0,1,0,0,1,0,1,4.0,2.52,43.89,2,26,21,18.0,0,0,0,0,low
3,2,1,0,1,2,0,2,1,9.0,4.69,10.98,5,31,48,45.0,0,3,0,0,high
3,0,2,1,2,0,1,3,0,19.0,10.96,84.43,7,77,72,59.0,1,0,1,0,critical
1,0,1,0,1,0,0,1,0,9.0,6.19,20.89,5,62,42,33.333333333333336,1,0,1,0,high
2,0,2,0,1,0,1,2,0,10.0,8.76,81.91,4,31,37,37.0,1,0,0,0,high
3,1,2,0,0,1,2,2,1,8.0,4.66,17.94,3,32,22,22.0,0,0,1,0,medium
5,0,3,2,2,1,2,3,2,12.0,10.09,60.86,2,21,59,49.666666666666664,1,0,1,0,high
3,2,1,0,0,2,1,1,2,5.0,3.86,67.19,4,68,29,29.0,0,0,0,0,medium
4,0,4,0,0,3,1,3,1,7.0,5.18,39.16,1,71,41,35.0,0,0,0,0,medium
3,1,1,1,1,1,1,1,2,8.0,4.55,73.87,7,118,37,37.0,1,0,0,0,critical
3,1,2,0,0,3,0,0,3,3.0,2.97,40.92,4,29,48,48.0,0,0,0,0,medium
1,0,1,0,0,0,1,0,1,1.0,0.9,73.72,3,39,0,0.0,0,0,0,0,low
4,2,2,0,1,2,1,2,2,6.0,5.82,68.66,5,64,60,42.75,1,0,1,0,high
1,0,1,0,0,0,1,0,1,3.0,2.58,20.57,1,23,30,20.0,0,0,0,0,low
4,2,2,0,2,2,0,2,2,8.0,5.33,74.91,5,40,51,32.333333333333336,1,0,0,0,high
3,1,0,2,0,1,2,1,2,8.0,5.26,25.19,1,48,41,38.333333333333336,0,0,0,0,medium
2,0,0,2,0,0,2,1,1,3.0,2.32,28.91,1,16,28,18.666666666666668,0,0,1,0,low
3,0,2,1,2,0,1,2,1,10.0,7.97,58.85,2,96,46,23.75,1,0,0,0,high
1,0,1,0,0,0,1,0,1,6.0,4.28,27.58,3,41,14,11.0,0,0,1,0,low
4,0,4,0,2,2,0,2,2,18.0,12.25,74.64,6,56,40,40.0,1,0,0,0,critical
5,1,4,0,3,2,0,0,5,16.0,11.02,79.96,5,91,68,59.0,1,0,0,0,critical
3,1,2,0,1,2,0,1,2,9.0,8.99,44.7,2,23,21,20.5,1,0,1,0,high
1,0,1,0,1,0,0,1,0,11.0,8.03,15.73,7,131,46,46.0,1,0,1,0,critical
5,2,2,1,2,2,1,2,3,5.0,4.76,38.69,2,46,53,36.333333333333336,0,2,0,0,high
4,0,4,0,2,1,1,3,1,18.0,12.98,30.49,5,40,62,54.5,1,0,0,0,critical
4,0,4,0,2,1,1,2,2,7.0,6.49,23.82,4,51,40,34.0,0,1,0,0,high
3,1,1,1,0,2,1,0,3,4.0,2.21,60.06,1,63,16,16.0,0,0,0,0,medium
4,1,3,0,2,1,1,2,2,15.0,13.66,48.65,6,57,75,59.75,1,0,0,0,critical
1,0,1,0,0,1,0,0,1,8.0,4.27,27.28,1,18,22,16.0,0,0,1,0,medium
5,1,2,2,1,2,2,0,5,14.0,8.13,40.87,5,72,74,74.0,0,0,0,0,critical
2,1,1,0,0,2,0,1,1,5.0,4.81,15.09,3,59,12,12.0,0,0,0,0,medium
1,1,0,0,0,1,0,1,0,10.0,6.19,57.81,4,58,44,37.333333333333336,0,0,0,0,medium
2,0,2,0,2,0,0,2,0,13.0,10.4,42.89,4,96,69,69.0,2,0,0,0,critical
0,0,0,0,0,0,0,0,0,5.0,3.62,53.95,1,37,0,0.0,0,0,0,0,low
3,0,2,1,1,0,2,1,2,8.0,7.9,81.74,2,36,41,41.0,1,0,0,0,high
1,0,0,1,0,0,1,1,0,4.0,3.84,15.04,3,46,0,0.0,0,0,0,0,low
5,0,4,1,3,1,1,3,2,17.0,8.97,84.78,5,98,63,49.0,1,0,0,0,critical
1,0,1,0,1,0,0,1,0,12.0,6.07,30.49,7,45,68,46.0,1,0,0,0,critical
5,2,3,0,2,2,1,1,4,20.0,10.0,12.6,5,100,48,47.0,1,0,0,0,critical
5,1,4,0,2,2,1,1,4,14.0,13.23,65.19,6,59,62,46.0,0,0,0,0,critical
5,2,2,1,0,3,2,1,4,5.0,3.17,21.45,2,27,49,48.5,0,0,0,0,medium
1,0,0,1,0,0,1,0,1,1.0,0.51,17.84,3,23,7,7.0,0,0,0,0,low
3,1,2,0,2,1,0,0,3,17.0,15.45,24.98,6,48,79,79.0,1,0,0,0,critical
3,0,3,0,3,0,0,1,2,9.0,8.39,16.69,5,81,69,52.0,0,0,0,0,critical
1,0,0,1,0,0,1,0,1,5.0,3.71,42.31,2,28,0,0.0,0,0,0,0,low
1,0,1,0,0,0,1,0,1,2.0,1.15,83.1,0,15,0,0.0,0,0,0,0,low
4,1,2,1,0,3,1,2,2,5.0,3.66,68.64,1,44,50,44.5,0,0,1,0,medium
4,0,4,0,3,1,0,1,3,16.0,15.5,23.4,3,114,73,73.0,0,0,0,0,critical
4,0,3,1,3,0,1,3,1,18.0,17.73,59.21,7,64,41,41.0,0,0,0,0,critical
5,2,3,0,2,2,1,3,2,11.0,7.18,50.62,5,43,57,57.0,0,3,0,0,high
3,0,2,1,1,1,1,2,1,18.0,17.17,16.71,5,55,61,40.666666666666664,1,0,0,0,critical
1,1,0,0,0,1,0,1,0,8.0,6.61,60.18,4,60,20,14.0,0,0,0,0,medium
2,0,2,0,1,1,0,0,2,7.0,6.99,64.0,5,90,42,28.0,0,2,0,0,high
1,0,1,0,0,1,0,1,0,6.0,4.67,31.29,2,33,21,21.0,0,0,1,0,medium
1,0,0,1,0,0,1,0,1,3.0,2.2,48.52,2,32,7,7.0,0,0,0,0,low
5,0,4,1,2,1,2,3,2,10.0,9.58,24.0,3,71,58,45.333333333333336,1,0,1,0,high
4,1,3,0,0,2,2,1,3,8.0,7.67,82.83,1,58,43,28.666666666666668,0,0,0,0,medium
5,0,5,0,3,0,2,3,2,18.0,10.59,67.6,5,45,72,54.0,0,0,0,0,critical
7,0,6,1,3,2,2,3,4,9.0,6.51,37.7,6,37,50,41.5,2,0,0,0,critical
7,1,6,0,3,2,2,3,4,13.0,10.39,69.19,5,147,69,54.75,2,0,0,0,critical
1,0,1,0,0,0,1,0,1,4.0,3.23,36.28,3,43,5,5.0,0,0,0,0,low
6,2,4,0,2,2,2,5,1,5.0,3.98,52.09,4,80,49,31.5,1,0,1,0,high
2,0,1,1,1,0,1,1,1,9.0,5.46,74.31,3,49,52,48.5,1,0,1,0,high
4,2,2,0,2,2,0,1,3,9.0,8.08,52.5,2,44,54,39.333333333333336,1,0,1,0,high
0,0,0,0,0,0,0,0,0,1.0,0.88,11.94,2,19,28,16.5,0,0,0,0,low
5,0,5,0,1,2,2,3,2,6.0,5.76,21.78,5,90,40,40.0,0,1,0,0,high
0,0,0,0,0,0,0,0,0,2.0,1.77,14.2,1,46,27,24.0,0,0,0,0,low
4,1,3,0,1,2,1,2,2,6.0,3.99,16.75,2,30,18,18.0,0,1,0,0,high
1,0,1,0,1,0,0,1,0,17.0,16.64,16.48,4,114,65,65.0,0,0,0,0,critical
6,2,4,0,3,2,1,3,3,19.0,14.59,20.51,3,73,32,32.0,1,0,0,0,critical
1,0,1,0,0,0,1,1,0,5.0,3.51,71.9,2,46,18,13.0,0,0,0,0,low
0,0,0,0,0,0,0,0,0,3.0,2.76,42.29,1,31,0,0.0,0,0,0,0,low
2,0,1,1,0,0,2,0,2,1.0,0.77,76.69,2,25,28,24.0,0,0,0,0,low
2,0,0,2,0,0,2,1,1,6.0,3.86,66.34,0,40,0,0.0,0,0,1,0,low
3,0,3,0,1,2,0,2,1,14.0,8.48,60.02,5,44,42,30.0,1,0,1,0,high
6,1,3,2,2,2,2,5,1,6.0,5.04,34.19,4,53,51,39.666666666666664,0,3,0,0,high
3,0,3,0,2,0,1,1,2,10.0,8.51,78.46,4,91,67,53.5,1,0,0,0,critical
1,0,1,0,0,0,1,1,0,4.0,3.69,52.58,1,43,24,20.0,0,0,0,0,low
0,0,0,0,0,0,0,0,0,3.0,1.58,22.45,3,14,25,21.0,0,0,0,0,low
2,2,0,0,0,2,0,1,1,10.0,6.04,17.38,1,43,41,37.0,0,0,0,0,medium
2,0,0,2,0,0,2,1,1,6.0,5.66,38.38,0,18,18,18.0,0,0,0,0,low
2,0,1,1,0,0,2,0,2,6.0,5.04,10.17,3,6,27,19.5,0,0,0,0,low
2,0,2,0,2,0,0,1,1,6.0,4.81,69.95,4,45,60,39.0,1,0,1,0,high
5,0,4,1,3,1,1,3,2,12.0,7.87,76.92,5,48,30,27.0,0,0,0,0,critical
6,1,3,2,2,2,2,5,1,8.0,7.87,15.61,4,57,60,35.25,1,0,1,0,high
1,0,1,0,0,1,0,0,1,5.0,4.76,62.53,4,64,39,24.666666666666668,0,0,1,0,medium
4,0,3,1,0,3,1,1,3,10.0,5.8,79.79,3,44,36,29.0,0,0,1,0,medium
2,2,0,0,0,2,0,1,1,7.0,4.49,64.56,4,19,28,24.5,0,0,0,0,medium
0,0,0,0,0,0,0,0,0,2.0,1.18,35.75,0,41,26,26.0,0,0,0,0,low
1,0,1,0,0,0,1,0,1,6.0,5.51,41.03,1,36,28,28.0,0,0,0,0,low
3,0,3,0,1,1,1,1,2,11.0,10.34,66.74,3,58,30,30.0,1,0,0,0,high
1,0,0,1,0,0,1,1,0,1.0,0.89,25.11,1,27,8,8.0,0,0,0,0,low
0,0,0,0,0,0,0,0,0,4.0,2.65,16.33,3,28,30,30.0,0,0,0,0,low
6,0,4,2,2,2,2,3,3,16.0,11.62,17.31,7,128,65,58.75,0,0,0,0,critical
0,0,0,0,0,0,0,0,0,5.0,3.69,72.99,1,50,26,17.5,0,0,0,0,low
2,0,0,2,0,0,2,0,2,2.0,1.75,55.36,1,25,19,18.0,0,0,0,0,low
4,0,3,1,1,1,2,1,3,10.0,7.82,55.77,4,78,53,38.5,1,0,0,0,critical
4,2,2,0,0,3,1,2,2,5.0,2.77,55.56,2,33,50,34.333333333333336,0,0,0,0,medium
3,1,1,1,1,1,1,3,0,7.0,5.23,76.95,2,30,55,39.5,0,1,0,0,high
2,1,1,0,1,1,0,0,2,12.0,11.85,17.15,2,92,55,38.333333333333336,0,0,0,0,high
1,0,1,0,0,0,1,1,0,3.0,1.96,43.78,0,45,26,18.0,0,0,0,0,low
3,1,2,0,0,3,0,2,1,5.0,2.98,49.17,2,36,49,37.0,0,0,0,0,medium
1,0,1,0,0,0,1,0,1,5.0,2.56,13.43,0,34,0,0.0,0,0,0,0,low
5,2,2,1,2,2,1,1,4,14.0,7.09,60.56,3,54,80,54.25,1,0,0,0,critical
5,1,4,0,2,1,2,1,4,14.0,11.23,55.02,5,93,57,49.0,1,0,1,0,high
0,0,0,0,0,0,0,0,0,4.0,2.73,69.88,1,24,6,6.0,0,0,1,0,low
3,1,2,0,0,1,2,3,0,8.0,6.43,70.03,1,44,41,38.333333333333336,0,0,0,0,medium
5,0,5,0,2,2,1,2,3,13.0,8.16,23.01,4,123,29,27.5,1,0,0,0,critical
2,0,1,1,1,0,1,1,1,13.0,8.87,33.72,5,108,56,56.0,0,0,0,0,critical
2,1,0,1,0,1,1,1,1,7.0,4.22,62.16,4,36,28,19.666666666666668,0,0,0,0,medium
4,3,1,0,0,3,1,2,2,3.0,2.18,80.43,1,62,50,39.333333333333336,0,0,0,0,medium
5,0,5,0,1,2,2,2,3,15.0,13.38,47.75,7,145,76,76.0,1,0,0,0,critical
1,0,1,0,0,0,1,0,1,2.0,1.64,36.02,1,47,13,13.0,0,0,0,0,low
2,0,2,0,1,1,0,2,0,11.0,6.03,46.0,5,51,60,48.0,1,0,0,0,critical
5,0,4,1,3,0,2,3,2,14.0,9.22,52.77,7,108,76,51.0,1,0,0,0,critical
3,0,3,0,3,0,0,2,1,19.0,17.27,63.47,7,106,59,45.25,0,0,0,0,critical
1,0,1,0,0,0,1,0,1,5.0,2.94,82.05,3,14,19,12.333333333333334,0,0,0,0,low
3,0,2,1,1,0,2,2,1,8.0,7.0,70.97,3,100,32,32.0,1,0,1,0,high
0,0,0,0,0,0,0,0,0,2.0,1.85,36.56,2,23,15,14.0,0,0,0,0,low
3,2,1,0,0,2,1,2,1,7.0,3.62,23.85,2,37,35,35.0,0,0,0,0,medium
3,1,2,0,0,3,0,2,1,7.0,4.62,15.6,2,48,23,23.0,0,0,1,0,medium
3,0,3,0,3,0,0,1,2,19.0,17.91,16.65,4,39,60,43.333333333333336,1,0,1,0,critical
1,0,0,1,0,0,1,0,1,2.0,1.39,38.78,3,10,12,12.0,0,0,0,0,low
4,0,4,0,2,2,0,3,1,5.0,4.12,57.45,3,51,15,15.0,0,1,0,0,high
3,1,1,1,0,2,1,2,1,3.0,1.9,54.13,2,32,24,24.0,0,0,0,0,medium
4,0,4,0,1,2,1,1,3,20.0,11.69,56.09,4,41,80,63.0,1,0,0,0,critical
4,1,3,0,3,1,0,2,2,18.0,15.91,61.06,7,54,68,65.66666666666667,2,0,0,0,critical
2,1,1,0,0,2,0,0,2,3.0,1.88,11.41,4,56,50,40.0,0,0,0,0,medium
6,1,4,1,2,2,2,2,4,10.0,8.49,49.57,5,91,58,42.75,1,0,1,0,high
3,1,2,0,0,2,1,0,3,5.0,4.99,25.97,4,62,25,25.0,0,0,0,0,medium
4,0,4,0,2,2,0,2,2,7.0,4.18,21.64,3,95,46,46.0,1,0,1,0,high
2,1,1,0,1,1,0,2,0,10.0,8.33,72.19,4,95,29,29.0,1,0,1,0,high
5,2,3,0,3,2,0,3,2,20.0,13.89,84.7,5,39,44,44.0,1,0,0,0,critical
1,0,0,1,0,0,1,0,1,6.0,4.01,35.38,3,34,0,0.0,0,0,0,0,low
3,0,3,0,2,1,0,0,3,8.0,7.4,31.49,5,82,52,40.5,1,0,1,0,high
3,1,2,0,1,2,0,1,2,15.0,9.09,50.98,5,32,67,60.5,1,0,0,0,critical
2,0,0,2,0,0,2,2,0,4.0,2.99,27.29,1,31,9,9.0,0,0,0,0,low
4,3,1,0,0,3,1,2,2,7.0,4.89,58.35,2,69,11,11.0,0,0,0,0,medium
1,0,0,1,0,0,1,1,0,3.0,2.76,69.39,2,48,0,0.0,0,0,0,0,low
1,0,1,0,0,0,1,0,1,1.0,0.87,11.56,3,15,24,18.666666666666668,0,0,0,0,low
5,0,4,1,3,0,2,0,5,18.0,11.4,42.25,4,103,35,29.5,1,0,0,0,critical
1,0,0,1,0,0,1,1,0,4.0,3.18,41.04,1,37,25,24.5,0,0,1,0,low
6,0,6,0,2,2,2,5,1,7.0,6.43,32.25,3,61,55,47.5,1,0,0,0,high
5,0,5,0,2,1,2,3,2,10.0,7.73,49.35,2,63,46,35.25,1,0,1,0,high
4,1,3,0,1,2,1,2,2,9.0,7.32,57.88,4,26,24,24.0,0,2,0,0,high
3,2,0,1,0,2,1,2,1,9.0,7.33,66.2,4,32,13,13.0,0,0,0,0,medium
2,0,1,1,0,0,2,0,2,1.0,0.81,59.56,2,38,24,15.333333333333334,0,0,0,0,low
5,1,3,1,0,3,2,3,2,6.0,5.05,46.88,1,23,35,25.0,0,0,1,0,medium
5,1,2,2,0,3,2,2,3,4.0,3.06,75.04,4,17,45,45.0,0,0,0,0,medium
3,0,2,1,0,2,1,1,2,9.0,7.56,23.23,3,18,47,41.666666666666664,0,0,0,0,medium
4,0,3,1,2,1,1,3,1,20.0,11.36,47.34,3,141,79,65.0,0,0,1,0,critical
0,0,0,0,0,0,0,0,0,4.0,2.17,80.98,1,34,30,21.0,0,0,0,0,low
5,0,4,1,3,0,2,2,3,19.0,10.21,25.2,5,136,48,39.666666666666664,1,0,1,0,critical
5,1,3,1,2,1,2,2,3,12.0,10.43,38.92,5,61,44,33.75,1,0,1,0,high
2,0,2,0,2,0,0,1,1,12.0,11.4,12.73,5,91,56,39.0,1,0,1,0,high
2,1,1,0,1,1,0,1,1,12.0,8.31,55.14,4,92,50,34.5,1,0,1,0,high
3,0,1,2,1,0,2,1,2,9.0,4.63,48.62,3,124,70,50.0,0,0,0,0,critical
2,1,0,1,0,1,1,0,2,10.0,6.46,11.82,1,38,31,31.0,0,0,1,0,medium
6,0,5,1,2,2,2,2,4,13.0,12.12,53.77,5,74,35,35.0,0,3,0,0,high
5,0,5,0,3,2,0,2,3,9.0,8.43,13.27,7,97,44,44.0,1,0,0,0,critical
2,0,0,2,0,0,2,0,2,5.0,4.97,51.41,3,19,26,22.0,0,0,0,0,low
1,0,0,1,0,0,1,0,1,4.0,2.85,23.97,0,42,0,0.0,0,0,1,0,low
2,0,1,1,0,0,2,1,1,4.0,3.45,83.76,3,14,5,5.0,0,0,0,0,low
3,0,3,0,2,0,1,2,1,16.0,14.76,17.48,5,105,75,75.0,1,0,0,0,critical
2,2,0,0,0,2,0,1,1,9.0,7.49,21.37,3,57,49,36.0,0,0,0,0,medium
6,2,4,0,2,2,2,2,4,20.0,17.21,59.16,7,139,63,48.25,1,0,0,0,critical
0,0,0,0,0,0,0,0,0,5.0,3.7,33.24,3,36,21,18.0,0,0,0,0,low
3,0,3,0,3,0,0,0,3,9.0,8.24,55.06,6,57,75,47.25,1,0,0,0,critical
4,1,3,0,2,1,1,1,3,20.0,18.36,34.58,5,117,33,33.0,1,0,0,0,critical
2,0,2,0,0,2,0,0,2,4.0,4.0,23.16,3,67,31,25.5,0,0,0,0,medium
3,0,2,1,2,0,1,1,2,8.0,6.67,20.58,4,41,53,34.333333333333336,0,0,0,0,high
3,1,2,0,1,2,0,1,2,5.0,2.69,41.31,3,67,42,40.0,1,0,1,0,high
3,0,3,0,1,1,1,2,1,11.0,8.24,21.87,3,80,36,26.333333333333332,0,2,0,0,high
4,0,4,0,1,2,1,3,1,12.0,10.52,72.98,2,85,55,42.5,1,0,0,0,high
0,0,0,0,0,0,0,0,0,5.0,3.64,54.93,2,18,24,15.0,0,0,0,0,low
2,0,1,1,0,0,2,2,0,1.0,0.75,76.67,2,21,0,0.0,0,0,1,0,low
4,0,4,0,3,0,1,3,1,18.0,11.93,17.32,3,115,58,47.75,2,0,0,0,critical
0,0,0,0,0,0,0,0,0,1.0,0.92,66.19,3,17,0,0.0,0,0,0,0,low
3,0,2,1,0,1,2,1,2,9.0,5.41,32.49,2,37,36,29.0,0,0,0,0,medium
6,1,4,1,3,2,1,3,3,19.0,14.12,54.33,7,104,51,39.333333333333336,1,0,0,0,critical
3,1,2,0,1,1,1,1,2,13.0,6.91,36.58,2,77,60,43.0,1,0,1,0,high
0,0,0,0,0,0,0,0,0,2.0,1.81,81.8,3,48,24,24.0,0,0,0,0,low
1,0,1,0,1,0,0,1,0,10.0,6.56,76.39,7,69,68,55.75,1,0,1,0,critical
1,0,1,0,0,0,1,1,0,1.0,0.78,39.84,2,41,27,16.0,0,0,0,0,low
1,0,1,0,0,0,1,0,1,5.0,4.93,35.89,0,9,28,28.0,0,0,1,0,low
2,0,2,0,0,0,2,0,2,1.0,0.8,25.3,0,39,24,16.5,0,0,0,0,low
1,0,0,1,0,0,1,0,1,5.0,4.33,49.26,3,50,0,0.0,0,0,1,0,low
7,0,6,1,3,2,2,3,4,20.0,12.98,19.39,4,105,64,55.5,1,0,0,0,critical
4,2,2,0,0,3,1,2,2,4.0,3.69,75.39,3,59,39,32.5,0,0,0,0,medium
3,0,2,1,1,1,1,0,3,14.0,8.34,82.93,3,85,51,38.666666666666664,1,0,1,0,high
5,0,5,0,2,2,1,4,1,10.0,7.64,24.26,2,72,58,46.666666666666664,1,0,1,0,high
2,0,2,0,0,1,1,1,1,10.0,5.17,55.97,2,56,44,34.0,0,0,0,0,medium
3,2,1,0,1,2,0,1,2,8.0,5.4,65.65,3,105,73,58.0,2,0,0,0,critical
3,2,1,0,0,2,1,1,2,3.0,2.13,20.97,1,41,36,27.0,0,0,0,0,medium
2,0,2,0,2,0,0,0,2,5.0,2.83,55.53,5,56,49,44.0,0,1,0,0,high
6,1,3,2,2,2,2,6,0,11.0,10.62,45.54,3,96,63,54.333333333333336,1,0,0,0,critical
0,0,0,0,0,0,0,0,0,2.0,1.72,19.06,2,39,23,14.666666666666666,0,0,0,0,low
1,0,1,0,0,0,1,0,1,3.0,2.18,30.08,3,47,30,18.0,0,0,1,0,low
3,1,2,0,2,1,0,1,2,7.0,3.6,77.07,2,80,38,38.0,1,0,1,0,high
3,0,3,0,3,0,0,1,2,8.0,6.37,48.96,6,57,28,28.0,0,0,1,0,critical
2,1,1,0,0,2,0,1,1,9.0,5.25,70.58,4,29,46,46.0,0,0,0,0,medium
5,1,4,0,2,2,1,4,1,13.0,10.31,78.79,4,121,29,24.333333333333332,1,0,0,0,critical
5,2,2,1,1,2,2,2,3,14.0,11.3,49.73,4,26,19,19.0,1,0,1,0,high
2,0,2,0,0,2,0,1,1,6.0,4.91,29.57,4,21,47,43.0,0,0,0,0,medium
2,0,2,0,1,0,1,1,1,13.0,11.84,50.59,2,59,57,40.75,0,0,0,0,high
2,0,2,0,1,0,1,1,1,12.0,6.39,12.22,6,40,37,37.0,1,0,0,0,critical
2,0,2,0,0,1,1,1,1,6.0,3.02,21.34,1,35,44,38.0,0,0,1,0,medium
3,0,3,0,0,2,1,1,2,10.0,7.84,20.44,1,26,32,32.0,0,0,1,0,medium
4,0,3,1,0,2,2,3,1,10.0,9.43,32.61,4,21,17,17.0,0,0,0,0,medium
3,1,1,1,1,1,1,1,2,14.0,11.55,56.22,2,32,20,20.0,1,0,1,0,high
3,0,3,0,2,0,1,1,2,14.0,12.34,29.55,2,45,51,41.25,0,1,0,0,high
1,0,1,0,1,0,0,0,1,5.0,4.41,42.77,5,82,30,28.333333333333332,0,1,0,0,high
0,0,0,0,0,0,0,0,0,1.0,0.52,73.48,3,9,26,25.0,0,0,0,0,low
7,0,6,1,3,2,2,1,6,9.0,5.5,80.17,3,71,57,55.0,0,0,0,0,critical
5,0,5,0,1,2,2,4,1,12.0,11.46,48.09,5,75,17,17.0,1,0,0,0,high
3,1,2,0,0,3,0,1,2,7.0,5.83,79.14,3,65,48,48.0,0,0,1,0,medium
5,2,2,1,0,3,2,2,3,9.0,8.33,58.01,1,78,34,22.333333333333332,0,0,0,0,medium
5,3,0,2,0,3,2,1,4,10.0,9.19,78.41,3,63,45,45.0,0,0,0,0,medium
4,0,3,1,2,0,2,2,2,20.0,14.71,41.7,3,91,45,39.666666666666664,1,0,0,0,critical
5,2,1,2,0,3,2,3,2,6.0,5.34,45.77,1,56,47,47.0,0,0,0,0,medium
4,0,3,1,2,0,2,1,3,17.0,12.81,21.6,5,69,56,56.0,1,0,0,0,critical
1,0,1,0,0,0,1,0,1,6.0,3.47,77.26,2,36,0,0.0,0,0,0,0,low
3,0,3,0,1,2,0,2,1,16.0,9.71,36.74,6,80,34,34.0,1,0,0,0,critical
1,0,1,0,0,0,1,0,1,6.0,3.81,84.17,1,41,21,18.0,0,0,0,0,low
4,2,1,1,0,3,1,2,2,9.0,4.6,19.71,2,76,12,12.0,0,0,1,0,medium
1,0,1,0,1,0,0,1,0,6.0,3.88,27.35,4,87,49,49.0,0,0,0,0,high
1,0,0,1,0,0,1,1,0,2.0,1.84,21.51,2,40,26,17.666666666666668,0,0,1,0,low
1,0,0,1,0,0,1,0,1,1.0,0.82,54.6,3,36,0,0.0,0,0,0,0,low
3,0,3,0,2,1,0,2,1,9.0,8.53,79.85,2,55,45,37.25,0,2,0,0,high
4,0,4,0,2,1,1,3,1,10.0,9.32,52.6,7,32,62,44.333333333333336,0,0,0,0,critical
3,1,2,0,0,3,0,0,3,3.0,2.96,60.0,1,32,37,28.5,0,0,0,0,medium
0,0,0,0,0,0,0,0,0,3.0,2.05,75.95,2,49,28,27.0,0,0,1,0,low
2,1,1,0,1,1,0,2,0,10.0,8.13,13.98,3,59,60,36.0,0,2,0,0,high
3,0,1,2,1,0,2,0,3,7.0,3.69,49.66,2,74,25,23.5,0,0,0,0,high
5,1,3,1,0,3,2,5,0,5.0,2.62,60.96,2,62,33,31.0,0,0,0,0,medium
3,0,3,0,0,3,0,0,3,9.0,6.86,47.19,3,38,13,13.0,0,0,0,0,medium
4,1,1,2,1,1,2,3,1,11.0,5.91,84.9,2,22,34,34.0,0,1,0,0,high
0,0,0,0,0,0,0,0,0,6.0,3.34,44.51,1,26,27,15.666666666666666,0,0,0,0,low
6,0,4,2,3,1,2,5,1,13.0,10.23,34.86,3,98,77,57.0,2,0,0,0,critical
4,0,4,0,0,2,2,3,1,7.0,5.41,75.13,1,78,37,37.0,0,0,0,0,medium
5,1,3,1,2,1,2,3,2,16.0,10.37,26.42,6,139,80,60.333333333333336,1,0,0,0,critical
5,1,3,1,1,2,2,3,2,13.0,11.85,29.94,6,101,70,52.666666666666664,1,0,0,0,critical
3,0,2,1,1,0,2,2,1,17.0,10.4,48.68,3,77,31,31.0,0,0,0,0,critical
0,0,0,0,0,0,0,0,0,5.0,3.61,54.51,3,17,28,23.5,0,0,0,0,low
3,1,0,2,0,1,2,3,0,10.0,6.58,13.01,3,33,21,18.0,0,0,0,0,medium
2,0,2,0,0,1,1,1,1,3.0,1.97,14.49,3,16,48,44.0,0,0,0,0,medium
6,0,6,0,3,2,1,3,3,12.0,6.36,38.09,6,60,59,42.0,0,0,1,0,critical
3,0,3,0,3,0,0,0,3,18.0,15.83,75.43,7,139,76,60.25,1,0,0,0,critical
4,0,3,1,2,1,1,2,2,8.0,7.51,33.41,3,116,64,49.0,1,0,0,0,critical
1,0,1,0,0,0,1,1,0,5.0,4.84,46.57,0,34,28,17.5,0,0,0,0,low
0,0,0,0,0,0,0,0,0,6.0,5.32,19.16,3,44,28,21.333333333333332,0,0,0,0,low
2,1,1,0,0,2,0,2,0,3.0,2.26,44.15,3,58,45,45.0,0,0,0,0,medium
2,2,0,0,0,2,0,0,2,8.0,6.91,41.68,3,15,44,44.0,0,0,0,0,medium
4,0,2,2,1,1,2,2,2,14.0,12.94,23.29,3,76,49,32.5,1,0,1,0,high
5,0,3,2,0,3,2,3,2,4.0,3.55,30.12,4,16,48,48.0,0,0,0,0,medium
2,0,1,1,0,0,2,2,0,2.0,1.54,75.03,1,10,24,24.0,0,0,0,0,low
3,2,1,0,1,2,0,2,1,10.0,9.01,31.26,2,25,59,46.333333333333336,1,0,1,0,high
5,0,4,1,3,0,2,2,3,10.0,7.93,78.41,7,110,22,22.0,0,0,0,0,critical
5,1,4,0,2,2,1,3,2,13.0,9.77,18.27,4,53,51,41.0,0,0,1,0,critical
0,0,0,0,0,0,0,0,0,1.0,0.72,74.96,2,19,19,15.0,0,0,0,0,low
5,2,3,0,2,2,1,2,3,8.0,6.96,10.16,5,149,72,45.333333333333336,2,0,0,0,critical
3,0,2,1,1,1,1,2,1,8.0,4.16,81.4,4,94,48,30.75,0,3,0,0,high
1,0,1,0,0,0,1,0,1,2.0,1.04,84.75,0,17,27,27.0,0,0,0,0,low
3,1,2,0,2,1,0,1,2,14.0,11.89,38.32,2,100,35,28.0,1,0,1,0,high
3,0,3,0,0,2,1,3,0,8.0,4.19,38.33,2,44,21,21.0,0,0,0,0,medium
4,0,3,1,2,0,2,4,0,17.0,10.65,74.63,6,66,48,35.75,1,0,0,0,critical
0,0,0,0,0,0,0,0,0,3.0,1.82,13.04,0,27,24,20.0,0,0,0,0,low
2,0,1,1,0,0,2,1,1,3.0,2.8,58.57,2,30,21,21.0,0,0,1,0,low
3,1,2,0,1,1,1,1,2,11.0,5.96,63.62,5,73,49,41.5,0,2,0,0,high
5,1,4,0,0,3,2,3,2,4.0,2.3,52.14,1,18,20,16.0,0,0,0,0,medium
0,0,0,0,0,0,0,0,0,6.0,4.38,43.98,2,45,16,13.0,0,0,0,0,low
5,0,3,2,1,2,2,1,4,12.0,6.3,84.43,2,41,60,43.75,1,0,1,0,high
2,0,0,2,0,0,2,0,2,5.0,4.53,65.52,0,27,26,18.0,0,0,0,0,low
4,1,3,0,2,2,0,1,3,5.0,4.37,49.32,2,52,44,26.25,0,0,0,0,high
5,1,4,0,1,2,2,2,3,12.0,6.11,68.75,4,41,51,32.5,1,0,0,0,high
6,1,5,0,3,1,2,4,2,15.0,14.92,37.21,5,124,72,45.25,2,0,0,0,critical
2,0,2,0,2,0,0,1,1,13.0,6.92,48.85,2,60,58,58.0,1,0,1,0,high
2,0,1,1,0,0,2,1,1,2.0,1.8,40.47,1,16,11,8.0,0,0,0,0,low
3,0,3,0,0,1,2,2,1,8.0,5.6,84.01,4,43,43,33.666666666666664,0,0,1,0,medium
4,1,3,0,0,3,1,1,3,5.0,4.53,26.65,4,76,47,46.0,0,0,0,0,medium
4,3,1,0,0,3,1,2,2,10.0,7.2,65.08,4,69,25,25.0,0,0,0,0,medium
0,0,0,0,0,0,0,0,0,4.0,2.37,14.66,0,41,26,26.0,0,0,0,0,low
4,1,3,0,1,2,1,3,1,11.0,9.59,77.57,3,66,46,45.5,1,0,1,0,critical
2,0,1,1,1,0,1,0,2,10.0,6.52,56.08,4,60,47,35.0,0,0,0,0,high
1,0,0,1,0,0,1,0,1,4.0,2.08,29.34,1,43,25,24.0,0,0,0,0,low
5,1,3,1,1,2,2,2,3,10.0,7.23,81.82,5,49,59,37.0,1,0,1,0,high
1,0,0,1,0,0,1,1,0,5.0,4.47,74.12,2,6,18,18.0,0,0,1,0,low
2,0,2,0,1,1,0,2,0,8.0,4.37,80.03,4,77,41,32.0,0,0,0,0,high
2,0,1,1,0,0,2,1,1,2.0,1.97,27.29,1,13,29,18.0,0,0,0,0,low
1,0,0,1,0,0,1,0,1,3.0,1.68,26.26,1,28,27,20.5,0,0,0,0,low
5,1,2,2,0,3,2,5,0,7.0,5.63,68.48,3,54,45,36.5,0,0,0,0,medium
4,2,2,0,0,2,2,1,3,7.0,4.43,38.86,2,32,47,32.0,0,0,0,0,medium
2,0,0,2,0,0,2,2,0,6.0,3.47,64.85,2,30,0,0.0,0,0,0,0,low
5,1,4,0,0,3,2,2,3,8.0,7.56,41.17,4,18,45,27.666666666666668,0,0,0,0,medium
2,0,2,0,2,0,0,2,0,13.0,11.94,73.62,3,55,36,36.0,0,2,0,0,high
3,2,1,0,0,3,0,0,3,4.0,3.52,13.03,2,39,44,28.0,0,0,1,0,medium
1,0,0,1,0,0,1,1,0,6.0,4.85,21.77,2,46,26,22.5,0,0,0,0,low
6,1,5,0,2,2,2,5,1,7.0,4.3,81.38,5,84,60,42.333333333333336,0,0,0,0,high
3,1,2,0,2,1,0,2,1,11.0,5.83,14.21,3,82,53,48.0,1,0,1,0,high
2,0,1,1,0,0,2,1,1,3.0,1.6,66.59,0,27,10,8.5,0,0,0,0,low
4,1,2,1,0,2,2,1,3,5.0,3.91,19.66,2,64,36,36.0,0,0,1,0,medium
0,0,0,0,0,0,0,0,0,6.0,3.68,72.03,0,24,23,13.666666666666666,0,0,0,0,low
3,2,0,1,0,2,1,1,2,3.0,1.97,26.54,4,17,32,32.0,0,0,1,0,medium
2,1,1,0,0,1,1,1,1,7.0,5.55,54.43,1,16,23,23.0,0,0,1,0,medium
3,2,1,0,0,2,1,2,1,8.0,5.67,52.59,3,52,34,25.333333333333332,0,0,0,0,medium
2,0,1,1,1,0,1,1,1,16.0,13.11,32.85,4,79,56,42.75,2,0,0,0,critical
4,0,2,2,1,1,2,2,2,18.0,16.4,17.92,3,77,74,46.666666666666664,1,0,0,0,critical
1,0,0,1,0,0,1,1,0,2.0,1.7,58.61,2,32,24,20.0,0,0,0,0,low
4,0,3,1,3,0,1,2,2,16.0,10.36,57.55,4,58,74,67.25,1,0,0,0,critical
2,1,1,0,1,1,0,1,1,11.0,9.52,37.63,4,55,29,29.0,1,0,0,0,high
5,1,3,1,0,3,2,3,2,6.0,5.39,64.37,3,77,15,15.0,0,0,0,0,medium
3,1,2,0,1,2,0,1,2,7.0,6.19,59.25,5,50,49,40.0,0,1,0,0,high
0,0,0,0,0,0,0,0,0,2.0,1.94,49.22,0,15,18,18.0,0,0,0,0,low
3,0,3,0,2,0,1,2,1,10.0,9.22,33.13,5,111,50,50.0,1,0,0,0,critical
2,0,1,1,0,1,1,1,1,3.0,1.5,58.26,2,60,42,40.333333333333336,0,0,0,0,medium
2,0,2,0,0,2,0,1,1,10.0,6.5,13.78,2,52,37,37.0,0,0,0,0,medium
4,1,2,1,0,3,1,2,2,8.0,6.37,15.88,4,26,44,29.666666666666668,0,0,1,0,medium
3,1,2,0,0,3,0,2,1,8.0,7.63,13.74,3,43,12,12.0,0,0,0,0,medium
4,1,2,1,1,2,1,1,3,9.0,4.88,77.17,3,81,52,49.5,0,0,0,0,high
1,0,1,0,0,0,1,0,1,3.0,2.45,43.23,1,46,27,19.666666666666668,0,0,0,0,low
5,0,4,1,3,0,2,2,3,12.0,11.5,46.84,5,129,64,48.5,0,0,0,0,critical
1,0,0,1,0,0,1,0,1,4.0,2.32,84.44,0,5,27,17.666666666666668,0,0,0,0,low
3,0,3,0,0,1,2,1,2,3.0,2.59,81.88,4,71,44,41.5,0,0,0,0,medium
2,0,2,0,0,0,2,1,1,6.0,4.0,24.86,1,27,27,20.333333333333332,0,0,0,0,low
3,0,3,0,1,1,1,1,2,8.0,7.0,66.98,4,59,42,31.75,1,0,1,0,high
3,2,1,0,0,2,1,1,2,10.0,7.9,62.67,1,52,32,24.5,0,0,0,0,medium
5,1,4,0,3,1,1,2,3,12.0,6.81,17.47,6,92,80,70.0,1,0,1,0,critical
6,0,6,0,2,2,2,1,5,11.0,8.58,31.4,5,61,53,42.25,1,0,0,0,high
4,1,3,0,3,1,0,2,2,9.0,4.62,51.55,4,55,70,60.5,1,0,0,0,critical
3,1,2,0,2,1,0,2,1,8.0,4.64,26.54,3,77,45,38.666666666666664,0,0,0,0,high
4,0,4,0,2,0,2,2,2,14.0,13.17,48.19,2,82,59,43.666666666666664,0,2,0,0,high
2,0,1,1,0,0,2,1,1,6.0,3.73,10.09,1,6,16,16.0,0,0,0,0,low
5,2,2,1,0,3,2,2,3,3.0,2.82,70.27,4,30,36,36.0,0,0,1,0,medium
2,0,1,1,0,1,1,1,1,8.0,5.32,59.91,4,55,42,35.0,0,0,0,0,medium
0,0,0,0,0,0,0,0,0,6.0,5.17,46.68,0,15,0,0.0,0,0,0,0,low
2,0,2,0,0,0,2,1,1,2.0,1.77,66.61,1,24,21,18.666666666666668,0,0,0,0,low
3,1,2,0,0,3,0,2,1,9.0,8.79,30.33,1,75,50,42.0,0,0,0,0,medium
0,0,0,0,0,0,0,0,0,4.0,2.03,14.66,3,43,0,0.0,0,0,0,0,low
3,2,1,0,1,2,0,0,3,13.0,9.01,75.34,4,97,47,46.0,0,0,0,0,high
3,0,3,0,2,1,0,3,0,11.0,8.39,31.22,6,124,68,63.666666666666664,0,0,0,0,critical
2,0,2,0,1,1,0,2,0,16.0,13.59,64.75,6,71,39,39.0,1,0,0,0,critical
1,0,1,0,0,1,0,1,0,7.0,4.74,49.78,2,49,24,17.0,0,0,0,0,medium
2,0,2,0,0,0,2,0,2,1.0,0.63,24.33,3,18,0,0.0,0,0,0,0,low
1,0,0,1,0,0,1,1,0,1.0,0.93,43.9,3,14,21,16.5,0,0,0,0,low
4,0,3,1,0,2,2,1,3,6.0,5.49,17.07,3,66,38,24.0,0,0,0,0,medium
4,1,3,0,2,2,0,2,2,8.0,6.31,44.44,3,61,28,21.0,1,0,1,0,high
4,1,2,1,1,1,2,2,2,7.0,5.58,82.72,2,53,58,36.5,0,1,0,0,high
6,2,3,1,2,2,2,3,3,12.0,7.11,67.19,2,33,39,28.0,1,0,1,0,high
4,1,2,1,2,1,1,0,4,17.0,16.43,11.79,4,93,29,24.5,1,0,1,0,critical
5,2,3,0,2,2,1,1,4,13.0,9.4,63.82,3,43,62,46.333333333333336,1,0,0,0,critical
4,1,3,0,0,3,1,2,2,10.0,6.13,77.87,2,35,30,30.0,0,0,1,0,medium
3,0,2,1,0,2,1,2,1,5.0,4.2,61.38,1,33,34,27.5,0,0,0,0,medium
4,0,4,0,2,2,0,1,3,13.0,10.89,42.19,4,61,32,22.333333333333332,0,0,0,0,high
4,1,2,1,0,2,2,2,2,10.0,9.63,57.2,1,15,13,12.5,0,0,0,0,medium
4,0,4,0,2,1,1,1,3,17.0,8.55,44.53,6,138,42,42.0,1,0,0,0,critical
3,0,3,0,1,2,0,2,1,13.0,9.8,55.52,3,43,30,24.0,0,0,0,0,high
1,0,1,0,0,1,0,1,0,8.0,6.96,61.39,2,45,45,45.0,0,0,0,0,medium
2,0,2,0,0,1,1,2,0,5.0,4.18,73.69,2,40,48,27.666666666666668,0,0,1,0,medium
2,0,2,0,0,1,1,1,1,5.0,2.53,48.78,4,72,46,27.666666666666668,0,0,0,0,medium
3,1,0,2,0,1,2,3,0,7.0,4.26,19.88,2,41,37,32.5,0,0,0,0,medium
0,0,0,0,0,0,0,0,0,1.0,0.6,32.7,0,40,0,0.0,0,0,0,0,low
4,0,4,0,2,0,2,1,3,9.0,6.52,54.12,5,89,42,42.0,1,0,0,0,high
4,1,2,1,1,2,1,2,2,12.0,8.06,84.75,7,114,55,52.666666666666664,1,0,0,0,critical
0,0,0,0,0,0,0,0,0,5.0,3.7,14.73,2,30,0,0.0,0,0,0,0,low
6,0,6,0,3,1,2,6,0,19.0,12.54,54.17,7,137,71,52.0,1,0,0,0,critical
1,0,1,0,0,1,0,0,1,10.0,7.68,43.48,2,30,15,15.0,0,0,0,0,medium
0,0,0,0,0,0,0,0,0,2.0,1.51,83.44,3,36,27,15.666666666666666,0,0,0,0,low
3,0,3,0,2,0,1,1,2,15.0,8.42,49.8,6,141,58,39.5,0,0,0,0,critical
3,0,3,0,2,0,1,2,1,13.0,11.17,42.64,7,51,20,20.0,2,0,0,0,critical
3,0,2,1,0,1,2,2,1,6.0,3.03,71.58,1,77,46,38.5,0,0,1,0,medium
5,0,4,1,2,2,1,3,2,6.0,5.47,32.01,2,99,49,37.666666666666664,0,3,0,0,high
2,0,1,1,0,1,1,1,1,10.0,6.7,50.4,4,18,49,28.0,0,0,0,0,medium
7,0,5,2,3,2,2,2,5,15.0,11.97,76.01,5,57,76,51.333333333333336,0,0,0,0,critical
4,0,4,0,2,2,0,0,4,11.0,9.74,58.33,7,107,27,23.5,0,0,0,0,critical
2,1,1,0,0,1,1,1,1,7.0,6.74,80.26,1,62,46,29.0,0,0,0,0,medium
1,0,0,1,0,0,1,0,1,2.0,1.62,65.65,1,27,26,26.0,0,0,0,0,low
5,0,4,1,0,3,2,1,4,3.0,2.1,22.39,1,61,44,30.666666666666668,0,0,0,0,medium
0,0,0,0,0,0,0,0,0,3.0,1.83,19.83,2,12,11,11.0,0,0,0,0,low
3,0,3,0,1,1,1,1,2,6.0,5.06,54.12,3,63,56,46.5,0,3,0,0,high
5,2,1,2,0,3,2,2,3,9.0,5.42,11.71,3,41,42,38.666666666666664,0,0,0,0,medium
4,0,3,1,2,0,2,1,3,10.0,6.17,50.32,3,35,51,34.666666666666664,2,0,0,0,critical
0,0,0,0,0,0,0,0,0,5.0,4.0,48.45,1,24,30,19.0,0,0,0,0,low
1,0,0,1,0,0,1,0,1,4.0,3.35,38.25,3,41,28,19.333333333333332,0,0,0,0,low
3,1,2,0,0,3,0,3,0,4.0,3.81,32.14,3,80,40,40.0,0,0,1,0,medium
2,0,2,0,0,0,2,0,2,6.0,5.98,83.03,3,30,0,0.0,0,0,0,0,low
5,1,4,0,2,2,1,4,1,10.0,7.18,84.64,6,34,65,48.0,0,0,0,0,critical
3,1,2,0,0,3,0,1,2,3.0,1.65,20.97,2,17,47,38.333333333333336,0,0,0,0,medium
4,1,2,1,1,1,2,3,1,9.0,7.52,82.24,5,56,32,24.0,1,0,1,0,high
5,0,5,0,2,2,1,4,1,13.0,7.8,20.74,3,33,23,21.0,0,0,0,0,high
2,0,1,1,0,0,2,2,0,6.0,4.03,79.34,1,45,22,22.0,0,0,0,0,low
0,0,0,0,0,0,0,0,0,3.0,2.24,46.97,3,43,0,0.0,0,0,0,0,low
2,0,2,0,1,0,1,1,1,8.0,7.1,70.51,5,81,39,27.0,0,2,0,0,high
1,0,1,0,0,0,1,1,0,1.0,0.57,69.13,0,29,16,15.0,0,0,0,0,low
4,1,3,0,2,1,1,1,3,16.0,14.63,65.41,5,78,64,63.0,1,0,0,0,critical
1,0,0,1,0,0,1,0,1,2.0,1.37,82.76,3,12,11,11.0,0,0,0,0,low
1,0,0,1,0,0,1,1,0,2.0,1.66,35.67,3,13,28,16.0,0,0,0,0,low
3,1,2,0,1,2,0,1,2,10.0,7.85,77.26,4,23,44,31.75,0,2,0,0,high
2,0,1,1,1,0,1,2,0,8.0,7.81,36.14,3,30,45,34.666666666666664,1,0,1,0,high
4,2,1,1,0,3,1,3,1,3.0,2.14,41.52,4,70,42,31.0,0,0,0,0,medium
4,0,4,0,2,1,1,3,1,18.0,16.69,20.3,7,78,75,48.0,0,0,0,0,critical
3,0,2,1,1,0,2,2,1,10.0,8.87,29.37,4,84,47,47.0,0,0,0,0,high
2,1,1,0,1,1,0,2,0,13.0,8.28,75.16,3,111,78,62.666666666666664,1,0,1,0,critical
4,1,3,0,0,3,1,3,1,9.0,4.88,31.46,3,51,41,32.5,0,0,0,0,medium
4,1,2,1,1,1,2,1,3,18.0,15.48,14.74,7,45,61,61.0,0,0,0,0,critical
4,0,4,0,2,0,2,1,3,11.0,5.74,36.6,5,94,32,32.0,0,0,0,0,high
4,0,3,1,2,0,2,2,2,10.0,6.62,55.74,2,66,50,42.0,0,0,0,0,high
0,0,0,0,0,0,0,0,0,3.0,1.88,83.43,3,30,0,0.0,0,0,0,0,low
5,0,5,0,2,2,1,2,3,11.0,5.93,61.23,4,133,47,34.5,2,0,0,0,critical
4,2,2,0,2,2,0,3,1,20.0,14.2,69.54,4,66,35,28.333333333333332,1,0,0,0,critical
2,0,0,2,0,0,2,1,1,2.0,1.7,28.87,3,38,30,30.0,0,0,0,0,low
3,2,1,0,1,2,0,2,1,9.0,6.11,46.07,4,49,55,48.5,0,3,0,0,high
3,0,2,1,0,1,2,1,2,10.0,6.34,25.73,3,32,45,32.0,0,0,0,0,medium
5,1,4,0,3,1,1,2,3,17.0,10.79,27.69,4,117,66,66.0,1,0,0,0,critical
4,1,3,0,1,2,1,3,1,6.0,5.77,82.01,3,46,58,58.0,0,3,0,0,high
6,0,5,1,3,1,2,4,2,19.0,10.83,79.85,6,72,77,54.0,0,0,1,0,critical
4,0,3,1,2,0,2,1,3,10.0,9.2,84.48,2,58,60,60.0,1,0,1,0,high
4,0,4,0,0,3,1,2,2,4.0,3.62,12.43,1,72,15,15.0,0,0,0,0,medium
2,0,0,2,0,0,2,1,1,3.0,1.72,44.87,3,10,25,17.0,0,0,0,0,low
1,0,0,1,0,0,1,0,1,2.0,1.1,84.8,2,33,29,27.5,0,0,1,0,low
0,0,0,0,0,0,0,0,0,5.0,2.7,79.43,1,31,24,16.333333333333332,0,0,0,0,low
4,1,2,1,1,2,1,2,2,12.0,8.16,56.49,4,76,40,40.0,0,1,0,0,high
2,0,1,1,0,0,2,0,2,3.0,1.51,19.72,3,14,21,21.0,0,0,0,0,low
2,0,1,1,0,1,1,0,2,6.0,5.14,36.86,3,43,42,42.0,0,0,1,0,medium
1,0,0,1,0,0,1,0,1,4.0,3.36,68.89,0,43,0,0.0,0,0,0,0,low
3,0,3,0,0,1,2,1,2,5.0,3.64,48.73,3,52,30,17.333333333333332,0,0,0,0,medium
5,1,3,1,2,2,1,3,2,11.0,7.61,24.98,4,96,54,42.666666666666664,0,1,0,0,high
1,0,1,0,0,0,1,1,0,1.0,1.0,20.1,3,18,0,0.0,0,0,1,0,low
0,0,0,0,0,0,0,0,0,3.0,2.35,78.25,0,38,0,0.0,0,0,0,0,low
4,0,4,0,2,0,2,1,3,13.0,7.79,44.04,4,88,27,27.0,0,0,0,0,high
5,2,2,1,2,2,1,3,2,11.0,7.37,54.42,3,63,27,25.666666666666668,1,0,1,0,critical
5,1,4,0,3,2,0,3,2,11.0,10.2,50.76,7,30,51,40.0,1,0,0,0,critical
2,0,2,0,0,0,2,2,0,6.0,3.85,51.81,0,50,17,15.5,0,0,1,0,low
1,0,1,0,0,1,0,1,0,10.0,6.0,77.81,1,26,21,21.0,0,0,0,0,medium
2,0,0,2,0,0,2,1,1,2.0,1.51,15.26,0,12,0,0.0,0,0,0,0,low
5,0,4,1,3,1,1,1,4,16.0,10.18,46.42,7,125,51,42.5,1,0,0,0,critical
2,0,2,0,0,1,1,0,2,6.0,4.27,43.35,2,74,27,27.0,0,0,0,0,medium
2,0,1,1,0,0,2,0,2,6.0,3.65,52.59,3,12,19,13.0,0,0,0,0,low
5,1,4,0,3,2,0,0,5,13.0,7.96,81.11,6,53,80,71.25,1,0,0,0,critical
3,1,0,2,0,1,2,2,1,6.0,5.34,69.15,3,21,48,48.0,0,0,0,0,medium
2,0,2,0,0,1,1,1,1,4.0,2.47,37.91,4,72,18,17.0,0,0,0,0,medium
2,2,0,0,0,2,0,1,1,7.0,4.0,80.92,1,32,34,28.5,0,0,0,0,medium
2,1,1,0,1,1,0,1,1,6.0,3.4,75.02,2,36,59,29.75,0,0,0,0,high
4,0,3,1,2,0,2,2,2,14.0,11.02,45.13,2,31,47,33.5,0,3,0,0,high
5,0,4,1,0,3,2,2,3,7.0,3.7,27.13,1,39,30,26.5,0,0,0,0,medium
4,2,2,0,1,2,1,0,4,17.0,12.76,40.81,7,30,74,60.0,1,0,1,0,critical
4,3,0,1,0,3,1,1,3,7.0,3.98,36.56,2,51,42,36.5,0,0,0,0,medium
4,2,1,1,0,3,1,1,3,4.0,3.32,50.7,4,80,35,26.5,0,0,0,0,medium
3,0,2,1,0,1,2,3,0,3.0,2.52,72.39,3,70,44,36.5,0,0,1,0,medium
5,0,4,1,3,1,1,3,2,13.0,9.0,52.12,6,31,72,52.0,1,0,0,0,critical
4,1,2,1,0,2,2,0,4,4.0,3.7,19.85,3,72,36,31.0,0,0,0,0,medium
2,0,2,0,0,0,2,0,2,3.0,1.62,56.55,2,30,0,0.0,0,0,0,0,low
0,0,0,0,0,0,0,0,0,6.0,3.55,36.79,1,44,6,6.0,0,0,1,0,low
5,0,5,0,2,2,1,4,1,11.0,8.87,39.26,5,81,40,32.666666666666664,1,0,1,0,high
2,0,2,0,0,1,1,0,2,8.0,7.93,54.29,3,78,30,27.666666666666668,0,0,0,0,medium
1,0,1,0,1,0,0,1,0,7.0,4.34,46.12,4,29,59,48.666666666666664,0,3,0,0,high
4,0,4,0,3,1,0,2,2,17.0,16.14,69.71,4,100,43,33.0,1,0,0,0,critical
3,1,2,0,1,2,0,2,1,13.0,12.42,34.86,3,45,60,36.75,1,0,1,0,high
3,0,3,0,2,0,1,2,1,9.0,7.19,66.74,2,40,28,28.0,0,0,0,0,high
3,2,1,0,0,2,1,0,3,7.0,6.96,32.84,2,75,47,40.0,0,0,0,0,medium
2,0,1,1,0,0,2,1,1,3.0,1.72,53.7,2,35,0,0.0,0,0,0,0,low
2,1,1,0,1,1,0,1,1,10.0,7.11,35.1,4,33,25,25.0,0,1,0,0,high
3,2,1,0,0,3,0,1,2,10.0,9.85,78.9,1,53,15,15.0,0,0,0,0,medium
3,2,0,1,0,2,1,1,2,8.0,7.96,30.31,4,45,46,43.0,0,0,0,0,medium
3,0,2,1,2,0,1,0,3,6.0,3.36,78.27,3,91,41,33.0,1,0,0,0,high
7,0,5,2,3,2,2,1,6,20.0,15.21,63.89,7,89,80,54.666666666666664,1,0,1,0,critical
0,0,0,0,0,0,0,0,0,6.0,3.08,22.22,2,50,0,0.0,0,0,0,0,low
5,1,3,1,2,1,2,3,2,15.0,13.86,69.63,5,132,72,72.0,0,0,0,0,critical
3,1,2,0,2,1,0,1,2,12.0,6.3,50.12,7,119,40,30.5,0,0,1,0,critical
4,0,4,0,2,2,0,3,1,9.0,8.38,43.72,3,69,60,50.25,1,0,1,0,high
5,1,4,0,2,2,1,4,1,20.0,10.32,21.51,5,112,80,60.0,0,0,0,0,critical
5,2,2,1,0,3,2,1,4,3.0,2.75,68.63,3,37,23,18.5,0,0,0,0,medium
5,2,1,2,0,3,2,1,4,7.0,6.51,70.86,2,55,11,11.0,0,0,0,0,medium
3,0,3,0,2,1,0,2,1,9.0,6.4,13.0,4,33,58,39.5,0,0,0,0,high
5,2,3,0,2,2,1,4,1,14.0,8.62,28.75,3,35,60,38.5,1,0,1,0,high
4,0,4,0,3,0,1,2,2,20.0,17.01,81.07,5,124,65,65.0,1,0,0,0,critical
5,2,2,1,1,2,2,2,3,17.0,14.18,70.61,4,37,25,25.0,0,0,0,0,critical
2,0,2,0,1,1,0,1,1,9.0,5.4,13.82,5,83,51,46.333333333333336,1,0,1,0,high
3,0,3,0,3,0,0,1,2,10.0,5.64,72.18,3,70,63,51.75,0,0,0,0,critical
3,0,3,0,1,1,1,1,2,11.0,9.95,73.96,6,114,79,64.33333333333333,0,0,1,0,critical
4,1,3,0,3,1,0,3,1,13.0,10.18,40.06,3,74,75,52.0,1,0,0,0,critical
7,1,6,0,3,2,2,3,4,18.0,17.55,38.4,3,76,70,61.75,1,0,0,0,critical
2,0,1,1,0,0,2,2,0,4.0,3.43,29.12,2,36,17,13.0,0,0,0,0,low
4,0,4,0,2,2,0,2,2,10.0,8.81,47.25,2,48,54,27.5,1,0,1,0,high
1,0,1,0,0,0,1,0,1,1.0,0.51,44.07,1,43,17,9.666666666666666,0,0,0,0,low
2,0,1,1,0,0,2,2,0,6.0,3.16,16.66,2,41,0,0.0,0,0,0,0,low
3,0,2,1,2,0,1,0,3,11.0,8.29,53.37,3,45,52,30.0,1,0,0,0,high
2,0,1,1,0,0,2,2,0,3.0,1.65,18.74,3,14,0,0.0,0,0,0,0,low
3,0,3,0,2,0,1,2,1,14.0,13.93,73.78,7,68,70,53.75,1,0,0,0,critical
3,0,3,0,2,1,0,0,3,9.0,8.82,74.88,2,48,53,53.0,0,0,0,0,high
3,1,1,1,1,1,1,2,1,14.0,13.83,27.66,6,53,38,29.5,0,0,0,0,critical
2,0,1,1,1,0,1,0,2,8.0,4.19,59.18,4,126,75,62.0,1,0,0,0,critical
5,0,5,0,1,2,2,2,3,10.0,7.94,27.03,4,44,30,24.25,0,3,0,0,high
1,0,0,1,0,0,1,1,0,5.0,4.67,51.56,0,8,8,8.0,0,0,0,0,low
3,1,2,0,1,2,0,3,0,13.0,8.56,75.97,7,38,31,31.0,2,0,0,0,critical
4,1,2,1,1,1,2,2,2,19.0,13.15,57.92,3,114,55,45.5,1,0,0,0,critical
3,0,3,0,1,2,0,2,1,17.0,12.09,51.24,5,75,66,62.5,2,0,0,0,critical
4,2,2,0,1,2,1,1,3,10.0,5.87,40.13,3,90,55,44.333333333333336,1,0,0,0,high
0,0,0,0,0,0,0,0,0,3.0,2.01,35.62,2,14,11,11.0,0,0,0,0,low
2,0,2,0,2,0,0,1,1,14.0,13.14,17.0,4,55,79,61.333333333333336,1,0,0,0,critical
2,0,0,2,0,0,2,1,1,1.0,0.88,12.78,1,38,27,19.0,0,0,0,0,low
3,0,3,0,2,1,0,2,1,9.0,6.13,48.69,5,51,55,37.0,1,0,1,0,high
1,0,0,1,0,0,1,1,0,6.0,4.31,82.85,0,41,26,24.0,0,0,0,0,low
6,0,5,1,3,1,2,3,3,16.0,10.04,34.79,4,63,74,65.5,1,0,0,0,critical
1,0,1,0,0,0,1,1,0,4.0,3.23,73.37,0,13,0,0.0,0,0,0,0,low
2,0,1,1,0,0,2,1,1,1.0,0.53,17.77,0,22,29,29.0,0,0,0,0,low
3,2,1,0,0,2,1,1,2,6.0,3.34,84.13,4,32,10,10.0,0,0,0,0,medium
0,0,0,0,0,0,0,0,0,2.0,1.54,77.44,0,12,25,12.666666666666666,0,0,0,0,low
1,0,1,0,1,0,0,1,0,8.0,6.73,56.56,5,39,54,49.666666666666664,1,0,1,0,high
5,0,5,0,2,2,1,4,1,15.0,14.85,28.28,5,149,73,56.333333333333336,0,0,1,0,critical
6,1,4,1,2,2,2,4,2,9.0,8.89,77.3,2,38,53,42.333333333333336,0,1,0,0,high
5,0,3,2,2,1,2,3,2,11.0,9.9,81.32,3,79,32,23.5,0,3,0,0,high
0,0,0,0,0,0,0,0,0,3.0,2.3,10.5,2,37,0,0.0,0,0,0,0,low
4,0,2,2,1,1,2,3,1,8.0,5.6,68.48,4,25,50,39.333333333333336,1,0,1,0,high
3,0,3,0,2,0,1,0,3,12.0,10.2,38.18,2,81,42,42.0,0,2,0,0,high
2,0,0,2,0,0,2,1,1,5.0,3.47,29.76,1,40,19,13.0,0,0,0,0,low
5,2,2,1,2,2,1,3,2,8.0,5.87,33.49,3,70,59,59.0,0,2,0,0,high
2,0,1,1,0,0,2,2,0,5.0,3.02,71.91,2,6,6,6.0,0,0,0,0,low
4,0,3,1,1,1,2,3,1,13.0,10.03,57.01,4,98,19,19.0,0,3,0,0,high
6,0,5,1,3,2,1,4,2,14.0,11.93,78.94,4,105,67,67.0,0,0,0,0,critical
3,0,3,0,0,2,1,1,2,3.0,2.4,43.2,4,32,49,35.0,0,0,0,0,medium
4,0,4,0,1,1,2,2,2,9.0,7.86,21.53,7,56,80,59.25,1,0,0,0,critical
3,0,3,0,2,0,1,3,0,11.0,10.07,79.89,3,46,57,56.0,1,0,0,0,critical
5,0,3,2,1,2,2,3,2,16.0,10.98,54.55,3,80,35,35.0,1,0,0,0,critical
3,0,2,1,1,0,2,1,2,16.0,8.91,17.97,7,122,38,38.0,1,0,0,0,critical
5,1,4,0,0,3,2,2,3,10.0,5.55,61.38,3,19,35,31.0,0,0,0,0,medium
2,0,2,0,2,0,0,0,2,13.0,8.8,39.09,5,35,37,25.666666666666668,1,0,0,0,high
5,0,5,0,2,2,1,3,2,13.0,8.61,11.46,4,127,58,58.0,1,0,0,0,critical
4,1,3,0,0,3,1,0,4,9.0,8.51,37.57,3,67,47,33.0,0,0,0,0,medium
3,3,0,0,0,3,0,3,0,8.0,4.78,60.5,1,79,39,26.333333333333332,0,0,1,0,medium
5,0,4,1,3,0,2,4,1,18.0,16.28,44.01,7,56,77,50.5,1,0,0,0,critical
1,1,0,0,0,1,0,1,0,9.0,4.52,51.89,3,66,40,29.666666666666668,0,0,1,0,medium
2,0,2,0,0,2,0,1,1,5.0,4.55,21.67,1,25,42,35.666666666666664,0,0,0,0,medium
2,0,1,1,0,1,1,0,2,9.0,5.21,26.8,4,49,42,42.0,0,0,0,0,medium
5,1,4,0,2,2,1,2,3,8.0,5.23,79.3,4,74,49,42.0,1,0,0,0,high
2,0,2,0,0,1,1,1,1,8.0,5.4,68.51,3,75,38,37.5,0,0,0,0,medium
1,0,1,0,1,0,0,0,1,13.0,9.1,83.59,3,65,61,51.666666666666664,0,0,0,0,critical
5,1,4,0,3,1,1,0,5,11.0,8.94,18.84,3,30,49,49.0,1,0,0,0,critical
2,0,2,0,2,0,0,2,0,13.0,10.71,84.39,5,74,59,59.0,1,0,1,0,high
5,1,3,1,0,3,2,3,2,9.0,6.28,34.83,2,22,38,37.0,0,0,0,0,medium
2,0,1,1,1,0,1,1,1,11.0,9.84,30.83,5,50,36,28.5,1,0,1,0,critical
4,0,3,1,3,0,1,3,1,13.0,7.05,51.5,4,131,61,49.0,0,0,0,0,critical
0,0,0,0,0,0,0,0,0,1.0,0.73,12.3,0,29,23,17.666666666666668,0,0,0,0,low
2,1,1,0,0,2,0,1,1,7.0,3.57,27.4,3,38,23,19.5,0,0,0,0,medium
2,0,1,1,1,0,1,1,1,12.0,10.29,45.54,4,46,48,36.5,1,0,1,0,high
0,0,0,0,0,0,0,0,0,6.0,5.7,82.75,1,25,8,7.5,0,0,0,0,low
2,0,0,2,0,0,2,0,2,2.0,1.11,82.51,0,37,0,0.0,0,0,0,0,low
5,0,4,1,0,3,2,3,2,6.0,3.49,53.48,2,30,27,21.0,0,0,0,0,medium
3,0,2,1,0,1,2,3,0,9.0,7.71,34.09,2,49,45,35.666666666666664,0,0,0,0,medium
5,1,3,1,3,1,1,5,0,17.0,9.15,67.62,7,30,78,62.0,1,0,0,0,critical
5,0,5,0,2,2,1,4,1,9.0,7.3,11.72,5,38,51,40.0,1,0,1,0,high
5,2,3,0,2,2,1,4,1,9.0,6.74,79.82,4,100,50,47.5,1,0,0,0,high
2,0,1,1,0,0,2,1,1,6.0,4.56,46.43,0,30,11,11.0,0,0,0,0,low
1,0,1,0,0,1,0,0,1,3.0,2.37,25.65,1,58,28,28.0,0,0,0,0,medium
3,0,3,0,2,1,0,1,2,6.0,4.72,38.8,2,71,35,29.0,0,0,0,0,high
0,0,0,0,0,0,0,0,0,2.0,1.96,70.97,2,22,28,19.5,0,0,1,0,low
3,0,3,0,0,2,1,1,2,5.0,2.5,13.44,3,72,13,13.0,0,0,0,0,medium
3,0,3,0,3,0,0,3,0,17.0,16.15,10.21,4,57,70,56.0,1,0,0,0,critical
0,0,0,0,0,0,0,0,0,3.0,2.95,28.43,0,43,9,9.0,0,0,1,0,low
3,0,1,2,1,0,2,2,1,8.0,7.33,22.32,4,95,55,29.333333333333332,0,0,0,0,high
4,1,2,1,1,1,2,3,1,10.0,6.43,19.66,4,21,53,38.5,0,0,0,0,high
2,0,0,2,0,0,2,0,2,2.0,1.89,36.99,0,35,29,25.333333333333332,0,0,0,0,low
6,1,4,1,3,2,1,3,3,18.0,10.26,21.94,7,60,68,60.0,1,0,0,0,critical
0,0,0,0,0,0,0,0,0,1.0,1.0,82.24,2,34,27,16.333333333333332,0,0,0,0,low
3,0,2,1,1,0,2,1,2,12.0,8.19,15.92,3,96,24,24.0,1,0,0,0,high
2,0,2,0,2,0,0,1,1,7.0,3.94,60.26,4,99,40,40.0,0,3,0,0,high
5,1,4,0,3,2,0,4,1,11.0,7.82,84.2,4,77,25,23.0,0,0,0,0,critical
0,0,0,0,0,0,0,0,0,5.0,2.93,65.09,1,8,21,19.0,0,0,0,0,low
2,1,1,0,0,2,0,1,1,8.0,6.26,78.87,4,26,27,18.333333333333332,0,0,1,0,medium
0,0,0,0,0,0,0,0,0,1.0,0.98,44.2,3,9,17,17.0,0,0,0,0,low
2,0,1,1,0,1,1,1,1,9.0,7.51,70.93,4,44,39,39.0,0,0,1,0,medium
4,0,2,2,0,2,2,2,2,8.0,5.99,75.54,3,27,37,37.0,0,0,0,0,medium
0,0,0,0,0,0,0,0,0,3.0,1.76,80.29,1,8,26,19.0,0,0,0,0,low
5,2,3,0,1,2,2,0,5,17.0,14.64,48.22,4,50,78,62.75,1,0,0,0,critical
6,1,4,1,3,2,1,3,3,8.0,7.87,57.52,5,35,65,65.0,2,0,0,0,critical
4,0,4,0,2,2,0,2,2,7.0,4.02,76.22,5,64,57,35.25,1,0,1,0,high
3,0,3,0,2,1,0,3,0,11.0,8.6,15.54,2,92,55,36.0,1,0,1,0,high
0,0,0,0,0,0,0,0,0,4.0,2.85,70.14,1,17,26,21.0,0,0,0,0,low
6,1,5,0,3,2,1,4,2,16.0,12.88,12.82,6,87,80,55.5,1,0,0,0,critical
0,0,0,0,0,0,0,0,0,6.0,3.91,31.14,0,20,29,26.0,0,0,0,0,low
4,0,4,0,2,2,0,1,3,5.0,3.18,36.3,3,55,55,32.5,0,2,0,0,high
1,0,1,0,0,0,1,1,0,4.0,2.41,50.34,0,22,21,15.333333333333334,0,0,0,0,low
3,2,1,0,1,2,0,3,0,12.0,7.65,51.75,4,142,46,42.5,1,0,0,0,critical
3,0,3,0,3,0,0,2,1,15.0,14.08,30.06,5,63,69,53.333333333333336,0,0,0,0,critical
2,0,2,0,2,0,0,1,1,13.0,11.65,24.57,3,97,52,52.0,0,0,0,0,high
2,1,1,0,0,2,0,0,2,8.0,5.56,43.19,3,73,40,25.5,0,0,0,0,medium
5,1,2,2,2,1,2,3,2,11.0,6.29,44.49,3,52,42,30.666666666666668,1,0,1,0,high
2,0,1,1,1,0,1,0,2,10.0,7.58,20.67,5,84,64,64.0,1,0,1,0,critical
1,1,0,0,0,1,0,0,1,4.0,2.93,50.72,1,60,31,31.0,0,0,1,0,medium
3,1,2,0,1,2,0,2,1,6.0,3.43,74.0,4,27,44,33.333333333333336,1,0,1,0,high
3,0,3,0,1,0,2,0,3,9.0,8.66,26.25,5,31,55,38.0,0,3,0,0,high
4,0,4,0,2,2,0,3,1,6.0,5.15,39.02,2,31,58,33.25,1,0,1,0,high
1,0,1,0,0,0,1,0,1,6.0,4.1,68.96,3,18,22,22.0,0,0,0,0,low
0,0,0,0,0,0,0,0,0,4.0,2.68,82.03,0,45,0,0.0,0,0,0,0,low
1,0,1,0,0,0,1,1,0,3.0,2.81,62.61,3,21,0,0.0,0,0,1,0,low
4,0,3,1,0,2,2,2,2,3.0,2.02,22.11,4,62,33,21.333333333333332,0,0,0,0,medium
4,0,4,0,2,1,1,4,0,11.0,8.12,47.67,3,117,69,52.666666666666664,0,0,0,0,critical
4,0,2,2,1,1,2,2,2,15.0,11.6,81.44,5,94,75,66.66666666666667,1,0,0,0,critical
6,0,6,0,3,1,2,5,1,14.0,12.39,21.11,7,137,39,32.0,2,0,0,0,critical
1,0,0,1,0,0,1,1,0,2.0,1.71,54.71,1,24,26,17.0,0,0,0,0,low
0,0,0,0,0,0,0,0,0,2.0,1.15,23.94,2,24,29,29.0,0,0,0,0,low
5,2,2,1,1,2,2,2,3,14.0,12.31,13.44,3,124,74,74.0,1,0,0,0,critical
3,0,3,0,0,2,1,1,2,10.0,7.72,41.64,2,77,20,15.5,0,0,0,0,medium
4,1,3,0,3,1,0,1,3,19.0,15.91,24.49,3,53,70,54.666666666666664,0,0,1,0,critical
4,0,4,0,1,1,2,1,3,13.0,9.53,82.11,4,76,44,41.0,0,2,0,0,high
4,0,4,0,1,2,1,1,3,9.0,8.53,21.16,7,39,69,46.0,0,0,1,0,critical
5,1,4,0,2,1,2,2,3,12.0,6.42,15.9,3,66,59,33.75,1,0,1,0,high
4,1,3,0,0,3,1,2,2,4.0,2.18,61.06,3,26,15,15.0,0,0,1,0,medium
2,1,1,0,0,2,0,2,0,7.0,5.57,33.07,1,53,25,25.0,0,0,1,0,medium
5,2,3,0,3,2,0,3,2,18.0,9.46,57.57,5,111,78,66.25,1,0,0,0,critical
2,0,2,0,2,0,0,0,2,9.0,7.57,63.74,4,93,57,43.0,0,0,0,0,high
5,1,4,0,3,2,0,5,0,12.0,6.44,70.35,7,78,75,75.0,1,0,0,0,critical
5,0,5,0,3,2,0,3,2,12.0,10.92,24.88,3,128,64,53.666666666666664,1,0,0,0,critical
3,1,1,1,0,2,1,2,1,8.0,5.1,12.02,3,34,35,26.0,0,0,0,0,medium
1,0,1,0,0,0,1,1,0,2.0,1.65,40.36,0,26,28,21.333333333333332,0,0,1,0,low
4,2,1,1,1,2,1,2,2,8.0,4.86,71.39,2,29,57,29.5,0,0,0,0,high
4,0,3,1,2,1,1,1,3,8.0,4.05,33.1,5,86,46,43.5,0,1,0,0,high
5,0,3,2,2,1,2,2,3,14.0,8.23,34.79,7,122,73,73.0,2,0,0,0,critical
5,1,4,0,2,2,1,1,4,13.0,7.01,56.02,7,71,76,65.0,0,0,1,0,critical
2,0,2,0,0,2,0,0,2,3.0,2.44,61.9,4,68,48,37.0,0,0,0,0,medium
0,0,0,0,0,0,0,0,0,2.0,1.49,16.73,0,25,0,0.0,0,0,0,0,low
